+ACI-Jail+ACI-,+ACI-January 2012+ACI-,+ACI-February 2012+ACI-,+ACI-March 2012+ACI-,+ACI-April 2012+ACI-,+ACI-May 2012+ACI-,+ACI-June 2012+ACI-,+ACI-July 2012+ACI-,+ACI-August 2012+ACI-,+ACI-September 2012+ACI-,+ACI-October 2012+ACI-,+ACI-November 2012+ACI-,+ACI-December 2012+ACI-
+ACI-ANDERSON+ACI-,+ACI-+ACQ-1,081.00+ACI-,+ACI-+ACQ-858.00+ACI-,+ACI-+ACQ-968.00+ACI-,+ACI-+ACQ-814.00+ACI-,+ACI-+ACQ-220.00+ACI-,+ACI-+ACQ-0.00+ACI-,+ACI-+ACQ-550.00+ACI-,+ACI-+ACQ-1,342.00+ACI-,+ACI-+ACQ-1,452.00+ACI-,+ACI-+ACQ-2,310.00+ACI-,+ACI-+ACQ-2,244.00+ACI-,+ACI-+ACQ-2,662.00+ACI-
+ACI-ANDREWS+ACI-,+ACI-+ACQ-2,052.96+ACI-,+ACI-+ACQ-1,631.84+ACI-,+ACI-+ACQ-2,263.52+ACI-,+ACI-+ACQ-1,263.36+ACI-,+ACI-+ACQ-105.28+ACI-,+ACI-+ACQ-2,789.92+ACI-,+ACI-+ACQ-2,526.72+ACI-,+ACI-+ACQ-2,263.52+ACI-,+ACI-+ACQ-1,631.84+ACI-,+ACI-+ACQ-1,579.20+ACI-,+ACI-+ACQ-1,789.76+ACI-,+ACI-+ACQ-3,526.88+ACI-
+ACI-ANGELINA+ACI-,+ACI-+ACQ-1,212.90+ACI-,+ACI-+ACQ-2,985.60+ACI-,+ACI-+ACQ-2,285.85+ACI-,+ACI-+ACQ-2,938.95+ACI-,+ACI-+ACQ-4,198.50+ACI-,+ACI-+ACQ-3,685.35+ACI-,+ACI-+ACQ-5,737.95+ACI-,+ACI-+ACQ-7,464.00+ACI-,+ACI-+ACQ-5,598.00+ACI-,+ACI-+ACQ-2,845.65+ACI-,+ACI-+ACQ-606.45+ACI-,+ACI-+ACQ-0.00+ACI-
+ACI-ARANSAS+ACI-,+ACI-+ACQ-621.00+ACI-,+ACI-+ACQ-1,242.00+ACI-,+ACI-+ACQ-745.20+ACI-,+ACI-+ACQ-1,159.20+ACI-,+ACI-+ACQ-786.60+ACI-,+ACI-+ACQ-828.00+ACI-,+ACI-+ACQ-414.00+ACI-,+ACI-+ACQ-703.80+ACI-,+ACI-+ACQ-372.60+ACI-,+ACI-+ACQ-538.20+ACI-,+ACI-+ACQ-496.80+ACI-,+ACI-+ACQ-2,111.40+ACI-
+ACI-ARCHER+ACI-,+ACI-+ACQ-0.00+ACI-,+ACI-+ACQ-0.00+ACI-,+ACI-+ACQ-0.00+ACI-,+ACI-+ACQ-0.00+ACI-,+ACI-+ACQ-0.00+ACI-,+ACI-+ACQ-0.00+ACI-,+ACI-+ACQ-0.00+ACI-,+ACI-+ACQ-0.00+ACI-,+ACI-+ACQ-0.00+ACI-,+ACI-+ACQ-0.00+ACI-,+ACI-+ACQ-0.00+ACI-,+ACI-+ACQ-0.00+ACI-
+ACI-ARMSTRONG+ACI-,+ACI-+ACQ-0.00+ACI-,+ACI-+ACQ-0.00+ACI-,+ACI-+ACQ-0.00+ACI-,+ACI-+ACQ-0.00+ACI-,+ACI-+ACQ-336.35+ACI-,+ACI-+ACQ-0.00+ACI-,+ACI-+ACQ-0.00+ACI-,+ACI-+ACQ-0.00+ACI-,+ACI-+ACQ-0.00+ACI-,+ACI-+ACQ-0.00+ACI-,+ACI-+ACQ-0.00+ACI-,+ACI-+ACQ-0.00+ACI-
+ACI-ATASCOSA+ACI-,+ACI-+ACQ-159.00+ACI-,+ACI-+ACQ-4,770.00+ACI-,+ACI-+ACQ-5,141.00+ACI-,+ACI-+ACQ-4,028.00+ACI-,+ACI-+ACQ-2,067.00+ACI-,+ACI-+ACQ-0.00+ACI-,+ACI-+ACQ-2,438.00+ACI-,+ACI-+ACQ-0.00+ACI-,+ACI-+ACQ-3,286.00+ACI-,+ACI-+ACQ-3,551.00+ACI-,+ACI-+ACQ-2,491.00+ACI-,+ACI-+ACQ-1,590.00+ACI-
+ACI-AUSTIN+ACI-,+ACI-+ACQ-10,224.00+ACI-,+ACI-+ACQ-11,904.00+ACI-,+ACI-+ACQ-10,368.00+ACI-,+ACI-+ACQ-7,920.00+ACI-,+ACI-+ACQ-6,720.00+ACI-,+ACI-+ACQ-4,848.00+ACI-,+ACI-+ACQ-3,744.00+ACI-,+ACI-+ACQ-3,168.00+ACI-,+ACI-+ACQ-6,432.00+ACI-,+ACI-+ACQ-7,248.00+ACI-,+ACI-+ACQ-8,160.00+ACI-,+ACI-+ACQ-5,760.00+ACI-
+ACI-BAILEY+ACI-,+ACI-+ACQ-3,640.62+ACI-,+ACI-+ACQ-1,200.63+ACI-,+ACI-+ACQ-3,214.59+ACI-,+ACI-+ACQ-3,446.97+ACI-,+ACI-+ACQ-4,570.14+ACI-,+ACI-+ACQ-9,759.96+ACI-,+ACI-+ACQ-8,923.53+ACI-,+ACI-+ACQ-8,559.33+ACI-,+ACI-+ACQ-9,837.42+ACI-,+ACI-+ACQ-12,161.22+ACI-,+ACI-+ACQ-8,017.11+ACI-,+ACI-+ACQ-4,918.71+ACI-
+ACI-BANDERA+ACI-,+ACI-+ACQ-293.44+ACI-,+ACI-+ACQ-0.00+ACI-,+ACI-+ACQ-0.00+ACI-,+ACI-+ACQ-0.00+ACI-,+ACI-+ACQ-1,006.08+ACI-,+ACI-+ACQ-83.84+ACI-,+ACI-+ACQ-83.84+ACI-,+ACI-+ACQ-1,048.00+ACI-,+ACI-+ACQ-2,096.00+ACI-,+ACI-+ACQ-1,970.24+ACI-,+ACI-+ACQ-212.65+ACI-,+ACI-+ACQ-0.00+ACI-
+ACI-BASTROP+ACI-,+ACI-+ACQ-25,576.00+ACI-,+ACI-+ACQ-33,271.04+ACI-,+ACI-+ACQ-30,780.16+ACI-,+ACI-+ACQ-30,780.16+ACI-,+ACI-+ACQ-25,931.84+ACI-,+ACI-+ACQ-20,683.20+ACI-,+ACI-+ACQ-19,482.24+ACI-,+ACI-+ACQ-24,375.04+ACI-,+ACI-+ACQ-26,376.64+ACI-,+ACI-+ACQ-24,232.82+ACI-,+ACI-+ACQ-22,042.03+ACI-,+ACI-+ACQ-15,961.47+ACI-
+ACI-BAYLOR+ACI-,+ACI-+ACQ-0.00+ACI-,+ACI-+ACQ-0.00+ACI-,+ACI-+ACQ-0.00+ACI-,+ACI-+ACQ-0.00+ACI-,+ACI-+ACQ-0.00+ACI-,+ACI-+ACQ-0.00+ACI-,+ACI-+ACQ-0.00+ACI-,+ACI-+ACQ-0.00+ACI-,+ACI-+ACQ-0.00+ACI-,+ACI-+ACQ-0.00+ACI-,+ACI-+ACQ-0.00+ACI-,+ACI-+ACQ-0.00+ACI-
+ACI-BEE+ACI-,+ACI-+ACQ-0.00+ACI-,+ACI-+ACQ-0.00+ACI-,+ACI-+ACQ-0.00+ACI-,+ACI-+ACQ-148.14+ACI-,+ACI-+ACQ-740.70+ACI-,+ACI-+ACQ-814.77+ACI-,+ACI-+ACQ-1,456.71+ACI-,+ACI-+ACQ-839.46+ACI-,+ACI-+ACQ-765.39+ACI-,+ACI-+ACQ-395.04+ACI-,+ACI-+ACQ-888.84+ACI-,+ACI-+ACQ-641.94+ACI-
+ACI-BELL+ACI-,+ACI-+ACQ-50,599.14+ACI-,+ACI-+ACQ-58,724.97+ACI-,+ACI-+ACQ-46,161.63+ACI-,+ACI-+ACQ-44,490.36+ACI-,+ACI-+ACQ-60,223.35+ACI-,+ACI-+ACQ-54,056.94+ACI-,+ACI-+ACQ-55,555.32+ACI-,+ACI-+ACQ-36,018.75+ACI-,+ACI-+ACQ-25,069.05+ACI-,+ACI-+ACQ-21,841.77+ACI-,+ACI-+ACQ-37,401.87+ACI-,+ACI-+ACQ-33,598.29+ACI-
+ACI-BEXAR+ACI-,+ACI-+ACQ-296,700.00+ACI-,+ACI-+ACQ-290,260.00+ACI-,+ACI-+ACQ-255,070.00+ACI-,+ACI-+ACQ-274,390.00+ACI-,+ACI-+ACQ-288,788.00+ACI-,+ACI-+ACQ-289,064.00+ACI-,+ACI-+ACQ-296,654.00+ACI-,+ACI-+ACQ-343,712.00+ACI-,+ACI-+ACQ-346,288.00+ACI-,+ACI-+ACQ-330,510.00+ACI-,+ACI-+ACQ-293,986.00+ACI-,+ACI-+ACQ-299,598.00+ACI-
+ACI-BLANCO+ACI-,+ACI-+ACQ-1,612.00+ACI-,+ACI-+ACQ-0.00+ACI-,+ACI-+ACQ-1,550.00+ACI-,+ACI-+ACQ-2,418.00+ACI-,+ACI-+ACQ-2,294.00+ACI-,+ACI-+ACQ-1,922.00+ACI-,+ACI-+ACQ-2,418.00+ACI-,+ACI-+ACQ-2,852.00+ACI-,+ACI-+ACQ-558.00+ACI-,+ACI-+ACQ-2,604.00+ACI-,+ACI-+ACQ-2,542.00+ACI-,+ACI-+ACQ-2,046.00+ACI-
+ACI-BOSQUE+ACI-,+ACI-+ACQ-6,285.38+ACI-,+ACI-+ACQ-589.32+ACI-,+ACI-+ACQ-1,964.40+ACI-,+ACI-+ACQ-4,567.23+ACI-,+ACI-+ACQ-1,669.74+ACI-,+ACI-+ACQ-1,669.74+ACI-,+ACI-+ACQ-4,076.13+ACI-,+ACI-+ACQ-2,701.05+ACI-,+ACI-+ACQ-1,522.41+ACI-,+ACI-+ACQ-2,259.06+ACI-,+ACI-+ACQ-2,701.05+ACI-,+ACI-+ACQ-1,767.96+ACI-
+ACI-BOWIE (P)+ACI-,+ACI-+ACQ-0.00+ACI-,+ACI-+ACQ-0.00+ACI-,+ACI-+ACQ-0.00+ACI-,+ACI-+ACQ-0.00+ACI-,+ACI-+ACQ-0.00+ACI-,+ACI-+ACQ-0.00+ACI-,+ACI-+ACQ-0.00+ACI-,+ACI-+ACQ-0.00+ACI-,+ACI-+ACQ-0.00+ACI-,+ACI-+ACQ-0.00+ACI-,+ACI-+ACQ-0.00+ACI-,+ACI-+ACQ-0.00+ACI-
+ACI-BRAZORIA+ACI-,+ACI-+ACQ-36,152.63+ACI-,+ACI-+ACQ-52,647.48+ACI-,+ACI-+ACQ-41,356.16+ACI-,+ACI-+ACQ-43,124.68+ACI-,+ACI-+ACQ-39,145.51+ACI-,+ACI-+ACQ-31,867.37+ACI-,+ACI-+ACQ-23,602.94+ACI-,+ACI-+ACQ-23,841.01+ACI-,+ACI-+ACQ-18,195.35+ACI-,+ACI-+ACQ-14,964.40+ACI-,+ACI-+ACQ-15,678.61+ACI-,+ACI-+ACQ-10,577.11+ACI-
+ACI-BRAZOS+ACI-,+ACI-+ACQ-40,353.72+ACI-,+ACI-+ACQ-34,811.04+ACI-,+ACI-+ACQ-35,989.80+ACI-,+ACI-+ACQ-31,977.00+ACI-,+ACI-+ACQ-34,133.88+ACI-,+ACI-+ACQ-42,962.04+ACI-,+ACI-+ACQ-42,962.04+ACI-,+ACI-+ACQ-48,830.76+ACI-,+ACI-+ACQ-43,012.20+ACI-,+ACI-+ACQ-40,780.08+ACI-,+ACI-+ACQ-43,263.00+ACI-,+ACI-+ACQ-40,729.92+ACI-
+ACI-BREWSTER+ACI-,+ACI-+ACQ-0.00+ACI-,+ACI-+ACQ-0.00+ACI-,+ACI-+ACQ-0.00+ACI-,+ACI-+ACQ-0.00+ACI-,+ACI-+ACQ-0.00+ACI-,+ACI-+ACQ-0.00+ACI-,+ACI-+ACQ-5,922.00+ACI-,+ACI-+ACQ-18,358.20+ACI-,+ACI-+ACQ-15,002.40+ACI-,+ACI-+ACQ-4,619.16+ACI-,+ACI-+ACQ-15,239.28+ACI-,+ACI-+ACQ-21,200.76+ACI-
+ACI-BRISCOE+ACI-,+ACI-+ACQ-0.00+ACI-,+ACI-+ACQ-0.00+ACI-,+ACI-+ACQ-0.00+ACI-,+ACI-+ACQ-0.00+ACI-,+ACI-+ACQ-0.00+ACI-,+ACI-+ACQ-0.00+ACI-,+ACI-+ACQ-0.00+ACI-,+ACI-+ACQ-0.00+ACI-,+ACI-+ACQ-0.00+ACI-,+ACI-+ACQ-0.00+ACI-,+ACI-+ACQ-0.00+ACI-,+ACI-+ACQ-0.00+ACI-
+ACI-BROOKS+ACI-,+ACI-+ACQ-78.16+ACI-,+ACI-+ACQ-586.20+ACI-,+ACI-+ACQ-234.48+ACI-,+ACI-+ACQ-1,250.56+ACI-,+ACI-+ACQ-2,657.44+ACI-,+ACI-+ACQ-742.52+ACI-,+ACI-+ACQ-586.20+ACI-,+ACI-+ACQ-1,563.20+ACI-,+ACI-+ACQ-4,142.48+ACI-,+ACI-+ACQ-3,517.20+ACI-,+ACI-+ACQ-5,119.48+ACI-,+ACI-+ACQ-3,360.88+ACI-
+ACI-BROWN+ACI-,+ACI-+ACQ-868.00+ACI-,+ACI-+ACQ-1,120.00+ACI-,+ACI-+ACQ-812.00+ACI-,+ACI-+ACQ-672.00+ACI-,+ACI-+ACQ-1,820.00+ACI-,+ACI-+ACQ-2,212.00+ACI-,+ACI-+ACQ-2,772.00+ACI-,+ACI-+ACQ-2,744.00+ACI-,+ACI-+ACQ-980.00+ACI-,+ACI-+ACQ-840.00+ACI-,+ACI-+ACQ-1,736.00+ACI-,+ACI-+ACQ-1,680.00+ACI-
+ACI-BURLESON+ACI-,+ACI-+ACQ-3,799.53+ACI-,+ACI-+ACQ-4,244.52+ACI-,+ACI-+ACQ-3,970.68+ACI-,+ACI-+ACQ-3,559.92+ACI-,+ACI-+ACQ-2,019.57+ACI-,+ACI-+ACQ-1,814.19+ACI-,+ACI-+ACQ-1,026.90+ACI-,+ACI-+ACQ-1,061.13+ACI-,+ACI-+ACQ-1,061.13+ACI-,+ACI-+ACQ-1,056.00+ACI-,+ACI-+ACQ-1,936.00+ACI-,+ACI-+ACQ-1,372.80+ACI-
+ACI-BURNET (P)+ACI-,+ACI-+ACQ-2,803.47+ACI-,+ACI-+ACQ-9,234.96+ACI-,+ACI-+ACQ-4,617.48+ACI-,+ACI-+ACQ-3,463.11+ACI-,+ACI-+ACQ-9,344.90+ACI-,,,,,,,
+ACI-CALDWELL+ACI-,+ACI-+ACQ-445.62+ACI-,+ACI-+ACQ-1,241.37+ACI-,+ACI-+ACQ-1,082.22+ACI-,+ACI-+ACQ-1,018.56+ACI-,+ACI-+ACQ-1,018.56+ACI-,+ACI-+ACQ-2,864.70+ACI-,+ACI-+ACQ-1,432.35+ACI-,+ACI-+ACQ-1,686.99+ACI-,+ACI-+ACQ-636.60+ACI-,+ACI-+ACQ-1,050.39+ACI-,+ACI-+ACQ-80.52+ACI-,+ACI-+ACQ-1,087.02+ACI-
+ACI-CALHOUN+ACI-,+ACI-+ACQ-2,187.35+ACI-,+ACI-+ACQ-3,854.78+ACI-,+ACI-+ACQ-3,062.29+ACI-,+ACI-+ACQ-4,613.32+ACI-,+ACI-+ACQ-3,778.15+ACI-,+ACI-+ACQ-477.24+ACI-,+ACI-+ACQ-119.31+ACI-,+ACI-+ACQ-0.00+ACI-,+ACI-+ACQ-0.00+ACI-,+ACI-+ACQ-0.00+ACI-,+ACI-+ACQ-79.54+ACI-,+ACI-+ACQ-0.00+ACI-
+ACI-CALLAHAN+ACI-,+ACI-+ACQ-144.00+ACI-,+ACI-+ACQ-0.00+ACI-,+ACI-+ACQ-144.00+ACI-,+ACI-+ACQ-216.00+ACI-,+ACI-+ACQ-144.00+ACI-,+ACI-+ACQ-432.00+ACI-,+ACI-+ACQ-1,656.00+ACI-,+ACI-+ACQ-72.00+ACI-,+ACI-+ACQ-144.00+ACI-,+ACI-+ACQ-0.00+ACI-,+ACI-+ACQ-0.00+ACI-,+ACI-+ACQ-0.00+ACI-
+ACI-CAMERON+ACI-,+ACI-+ACQ-290,007.42+ACI-,+ACI-+ACQ-295,787.06+ACI-,+ACI-+ACQ-266,935.47+ACI-,+ACI-+ACQ-251,740.61+ACI-,+ACI-+ACQ-237,990.66+ACI-,+ACI-+ACQ-236,592.36+ACI-,+ACI-+ACQ-211,329.74+ACI-,+ACI-+ACQ-246,240.63+ACI-,+ACI-+ACQ-262,693.96+ACI-,+ACI-+ACQ-310,748.87+ACI-,+ACI-+ACQ-341,278.42+ACI-,+ACI-+ACQ-320,070.87+ACI-
+ACI-CAMP+ACI-,+ACI-+ACQ-1,773.00+ACI-,+ACI-+ACQ-1,379.00+ACI-,+ACI-+ACQ-1,615.40+ACI-,+ACI-+ACQ-1,182.00+ACI-,+ACI-+ACQ-354.60+ACI-,+ACI-+ACQ-1,497.20+ACI-,+ACI-+ACQ-2,088.20+ACI-,+ACI-+ACQ-2,442.80+ACI-,+ACI-+ACQ-2,442.80+ACI-,+ACI-+ACQ-2,364.00+ACI-,+ACI-+ACQ-2,442.80+ACI-,+ACI-+ACQ-2,364.00+ACI-
+ACI-CARSON+ACI-,+ACI-+ACQ-3,450.00+ACI-,+ACI-+ACQ-4,300.00+ACI-,+ACI-+ACQ-5,325.00+ACI-,+ACI-+ACQ-6,250.00+ACI-,+ACI-+ACQ-6,750.00+ACI-,+ACI-+ACQ-5,275.00+ACI-,+ACI-+ACQ-2,275.00+ACI-,+ACI-+ACQ-3,475.00+ACI-,+ACI-+ACQ-3,875.00+ACI-,+ACI-+ACQ-3,750.00+ACI-,+ACI-+ACQ-2,800.00+ACI-,+ACI-+ACQ-2,075.00+ACI-
+ACI-CASS+ACI-,+ACI-+ACQ-203.00+ACI-,+ACI-+ACQ-1,258.60+ACI-,+ACI-+ACQ-1,177.40+ACI-,+ACI-+ACQ-649.60+ACI-,+ACI-+ACQ-0.00+ACI-,+ACI-+ACQ-0.00+ACI-,+ACI-+ACQ-0.00+ACI-,+ACI-+ACQ-0.00+ACI-,+ACI-+ACQ-0.00+ACI-,+ACI-+ACQ-0.00+ACI-,+ACI-+ACQ-0.00+ACI-,+ACI-+ACQ-0.00+ACI-
+ACI-CASTRO+ACI-,+ACI-+ACQ-56.57+ACI-,+ACI-+ACQ-1,357.68+ACI-,+ACI-+ACQ-1,131.40+ACI-,+ACI-+ACQ-452.56+ACI-,+ACI-+ACQ-1,244.54+ACI-,+ACI-+ACQ-4,242.75+ACI-,+ACI-+ACQ-5,374.15+ACI-,+ACI-+ACQ-4,638.74+ACI-,+ACI-+ACQ-3,281.06+ACI-,+ACI-+ACQ-2,319.37+ACI-,+ACI-+ACQ-4,016.47+ACI-,+ACI-+ACQ-3,281.06+ACI-
+ACI-CHAMBERS+ACI-,+ACI-+ACQ-916.92+ACI-,+ACI-+ACQ-1,731.96+ACI-,+ACI-+ACQ-280.17+ACI-,+ACI-+ACQ-1,349.91+ACI-,+ACI-+ACQ-1,477.26+ACI-,+ACI-+ACQ-1,375.38+ACI-,+ACI-+ACQ-1,324.44+ACI-,+ACI-+ACQ-1,069.74+ACI-,+ACI-+ACQ-382.05+ACI-,+ACI-+ACQ-178.29+ACI-,+ACI-+ACQ-203.76+ACI-,+ACI-+ACQ-50.94+ACI-
+ACI-CHEROKEE+ACI-,+ACI-+ACQ-4,916.70+ACI-,+ACI-+ACQ-5,766.50+ACI-,+ACI-+ACQ-6,039.65+ACI-,+ACI-+ACQ-5,038.10+ACI-,+ACI-+ACQ-6,161.05+ACI-,+ACI-+ACQ-7,071.55+ACI-,+ACI-+ACQ-8,315.90+ACI-,+ACI-+ACQ-7,375.05+ACI-,+ACI-+ACQ-2,670.80+ACI-,+ACI-+ACQ-1,699.60+ACI-,+ACI-+ACQ-1,648.08+ACI-,+ACI-+ACQ-1,500.93+ACI-
+ACI-CHILDRESS+ACI-,+ACI-+ACQ-0.00+ACI-,+ACI-+ACQ-0.00+ACI-,+ACI-+ACQ-494.00+ACI-,+ACI-+ACQ-598.00+ACI-,+ACI-+ACQ-286.00+ACI-,+ACI-+ACQ-520.00+ACI-,+ACI-+ACQ-52.00+ACI-,+ACI-+ACQ-312.00+ACI-,+ACI-+ACQ-468.00+ACI-,+ACI-+ACQ-494.00+ACI-,+ACI-+ACQ-0.00+ACI-,+ACI-+ACQ-0.00+ACI-
+ACI-CLAY+ACI-,+ACI-+ACQ-1,835.82+ACI-,+ACI-+ACQ-0.00+ACI-,+ACI-+ACQ-1,717.38+ACI-,+ACI-+ACQ-1,835.82+ACI-,+ACI-+ACQ-1,776.60+ACI-,+ACI-+ACQ-1,835.82+ACI-,+ACI-+ACQ-1,776.60+ACI-,+ACI-+ACQ-1,835.82+ACI-,+ACI-+ACQ-1,835.82+ACI-,+ACI-+ACQ-1,243.62+ACI-,+ACI-+ACQ-1,065.96+ACI-,+ACI-+ACQ-1,776.60+ACI-
+ACI-COCHRAN+ACI-,+ACI-+ACQ-0.00+ACI-,+ACI-+ACQ-1,835.82+ACI-,+ACI-+ACQ-0.00+ACI-,+ACI-+ACQ-720.00+ACI-,+ACI-+ACQ-920.00+ACI-,+ACI-+ACQ-0.00+ACI-,+ACI-+ACQ-0.00+ACI-,+ACI-+ACQ-0.00+ACI-,+ACI-+ACQ-0.00+ACI-,+ACI-+ACQ-0.00+ACI-,+ACI-+ACQ-400.00+ACI-,+ACI-+ACQ-600.00+ACI-
+ACI-COKE+ACI-,+ACI-+ACQ-0.00+ACI-,+ACI-+ACQ-0.00+ACI-,+ACI-+ACQ-0.00+ACI-,+ACI-+ACQ-0.00+ACI-,+ACI-+ACQ-0.00+ACI-,+ACI-+ACQ-0.00+ACI-,+ACI-+ACQ-0.00+ACI-,+ACI-+ACQ-0.00+ACI-,+ACI-+ACQ-0.00+ACI-,+ACI-+ACQ-0.00+ACI-,+ACI-+ACQ-0.00+ACI-,+ACI-+ACQ-0.00+ACI-
+ACI-COLEMAN+ACI-,+ACI-+ACQ-0.00+ACI-,+ACI-+ACQ-0.00+ACI-,+ACI-+ACQ-0.00+ACI-,+ACI-+ACQ-499.74+ACI-,+ACI-+ACQ-0.00+ACI-,+ACI-+ACQ-0.00+ACI-,+ACI-+ACQ-0.00+ACI-,+ACI-+ACQ-0.00+ACI-,+ACI-+ACQ-0.00+ACI-,+ACI-+ACQ-0.00+ACI-,+ACI-+ACQ-0.00+ACI-,+ACI-+ACQ-0.00+ACI-
+ACI-COLLIN+ACI-,+ACI-+ACQ-144,065.01+ACI-,+ACI-+ACQ-136,355.34+ACI-,+ACI-+ACQ-129,099.18+ACI-,+ACI-+ACQ-138,622.89+ACI-,+ACI-+ACQ-137,514.31+ACI-,+ACI-+ACQ-152,530.53+ACI-,+ACI-+ACQ-179,035.67+ACI-,+ACI-+ACQ-193,044.09+ACI-,+ACI-+ACQ-183,772.33+ACI-,+ACI-+ACQ-210,529.42+ACI-,+ACI-+ACQ-213,703.99+ACI-,+ACI-+ACQ-89,240.69+ACI-
+ACI-COLLINGSWORTH+ACI-,+ACI-+ACQ-1,964.52+ACI-,+ACI-+ACQ-0.00+ACI-,+ACI-+ACQ-0.00+ACI-,+ACI-+ACQ-0.00+ACI-,+ACI-+ACQ-0.00+ACI-,+ACI-+ACQ-0.00+ACI-,+ACI-+ACQ-0.00+ACI-,+ACI-+ACQ-0.00+ACI-,+ACI-+ACQ-0.00+ACI-,+ACI-+ACQ-654.84+ACI-,+ACI-+ACQ-0.00+ACI-,+ACI-+ACQ-0.00+ACI-
+ACI-COLORADO+ACI-,+ACI-+ACQ-12,124.20+ACI-,+ACI-+ACQ-10,911.78+ACI-,+ACI-+ACQ-15,264.60+ACI-,+ACI-+ACQ-13,151.04+ACI-,+ACI-+ACQ-14,638.36+ACI-,+ACI-+ACQ-3,052.92+ACI-,+ACI-+ACQ-4,344.54+ACI-,+ACI-+ACQ-3,405.18+ACI-,+ACI-+ACQ-4,775.08+ACI-,+ACI-+ACQ-16,438.80+ACI-,+ACI-+ACQ-7,554.02+ACI-,+ACI-+ACQ-6,458.10+ACI-
+ACI-COMAL+ACI-,+ACI-+ACQ-28,758.45+ACI-,+ACI-+ACQ-25,363.80+ACI-,+ACI-+ACQ-23,826.60+ACI-,+ACI-+ACQ-25,876.20+ACI-,+ACI-+ACQ-29,398.95+ACI-,+ACI-+ACQ-25,235.70+ACI-,+ACI-+ACQ-35,932.05+ACI-,+ACI-+ACQ-44,129.34+ACI-,+ACI-+ACQ-32,458.20+ACI-,+ACI-+ACQ-30,110.16+ACI-,+ACI-+ACQ-30,731.70+ACI-,+ACI-+ACQ-35,704.02+ACI-
+ACI-COMANCHE+ACI-,+ACI-+ACQ-1,952.38+ACI-,+ACI-+ACQ-1,952.38+ACI-,+ACI-+ACQ-2,078.34+ACI-,+ACI-+ACQ-1,952.38+ACI-,+ACI-+ACQ-1,889.40+ACI-,+ACI-+ACQ-2,078.34+ACI-,+ACI-+ACQ-1,322.58+ACI-,+ACI-+ACQ-1,102.15+ACI-,+ACI-+ACQ-1,165.13+ACI-,+ACI-+ACQ-944.70+ACI-,+ACI-+ACQ-1,134.70+ACI-,+ACI-+ACQ-1,945.20+ACI-
+ACI-CONCHO+ACI-,+ACI-+ACQ-0.00+ACI-,+ACI-+ACQ-0.00+ACI-,+ACI-+ACQ-0.00+ACI-,+ACI-+ACQ-0.00+ACI-,+ACI-+ACQ-0.00+ACI-,+ACI-+ACQ-0.00+ACI-,+ACI-+ACQ-0.00+ACI-,+ACI-+ACQ-0.00+ACI-,+ACI-+ACQ-0.00+ACI-,+ACI-+ACQ-0.00+ACI-,+ACI-+ACQ-0.00+ACI-,+ACI-+ACQ-0.00+ACI-
+ACI-COOKE+ACI-,+ACI-+ACQ-5,482.50+ACI-,+ACI-+ACQ-5,865.00+ACI-,+ACI-+ACQ-5,737.50+ACI-,+ACI-+ACQ-5,100.00+ACI-,+ACI-+ACQ-6,375.00+ACI-,+ACI-+ACQ-8,840.00+ACI-,+ACI-+ACQ-8,925.00+ACI-,+ACI-+ACQ-10,582.50+ACI-,+ACI-+ACQ-7,650.00+ACI-,+ACI-+ACQ-8,925.00+ACI-,+ACI-+ACQ-6,077.50+ACI-,+ACI-+ACQ-7,012.50+ACI-
+ACI-CORYELL+ACI-,+ACI-+ACQ-5,813.10+ACI-,+ACI-+ACQ-6,071.46+ACI-,+ACI-+ACQ-8,073.75+ACI-,+ACI-+ACQ-10,140.63+ACI-,+ACI-+ACQ-7,298.67+ACI-,+ACI-+ACQ-4,908.84+ACI-,+ACI-+ACQ-3,294.09+ACI-,+ACI-+ACQ-2,002.29+ACI-,+ACI-+ACQ-5,683.92+ACI-,+ACI-+ACQ-4,715.07+ACI-,+ACI-+ACQ-8,267.52+ACI-,+ACI-+ACQ-6,329.82+ACI-
+ACI-COTTLE+ACI-,+ACI-+ACQ-0.00+ACI-,+ACI-+ACQ-0.00+ACI-,+ACI-+ACQ-0.00+ACI-,+ACI-+ACQ-0.00+ACI-,+ACI-+ACQ-0.00+ACI-,+ACI-+ACQ-0.00+ACI-,+ACI-+ACQ-0.00+ACI-,+ACI-+ACQ-0.00+ACI-,+ACI-+ACQ-0.00+ACI-,+ACI-+ACQ-0.00+ACI-,+ACI-+ACQ-0.00+ACI-,+ACI-+ACQ-0.00+ACI-
+ACI-CRANE+ACI-,+ACI-+ACQ-1,804.38+ACI-,+ACI-+ACQ-1,975.68+ACI-,+ACI-+ACQ-1,132.16+ACI-,+ACI-+ACQ-1,096.78+ACI-,+ACI-+ACQ-1,061.40+ACI-,+ACI-+ACQ-1,096.78+ACI-,+ACI-+ACQ-1,061.40+ACI-,+ACI-+ACQ-1,096.78+ACI-,+ACI-+ACQ-1,096.78+ACI-,+ACI-+ACQ-1,061.40+ACI-,+ACI-+ACQ-1,374.54+ACI-,+ACI-+ACQ-1,330.20+ACI-
+ACI-CROCKETT+ACI-,+ACI-+ACQ-0.00+ACI-,+ACI-+ACQ-0.00+ACI-,+ACI-+ACQ-0.00+ACI-,+ACI-+ACQ-0.00+ACI-,+ACI-+ACQ-0.00+ACI-,+ACI-+ACQ-0.00+ACI-,+ACI-+ACQ-1,125.00+ACI-,+ACI-+ACQ-1,162.50+ACI-,+ACI-+ACQ-862.50+ACI-,+ACI-+ACQ-0.00+ACI-,+ACI-+ACQ-0.00+ACI-,+ACI-+ACQ-75.00+ACI-
+ACI-CROSBY+ACI-,+ACI-+ACQ-0.00+ACI-,+ACI-+ACQ-0.00+ACI-,+ACI-+ACQ-0.00+ACI-,+ACI-+ACQ-0.00+ACI-,+ACI-+ACQ-0.00+ACI-,+ACI-+ACQ-0.00+ACI-,+ACI-+ACQ-0.00+ACI-,+ACI-+ACQ-150.00+ACI-,+ACI-+ACQ-0.00+ACI-,+ACI-+ACQ-0.00+ACI-,+ACI-+ACQ-0.00+ACI-,+ACI-+ACQ-0.00+ACI-
+ACI-CULBERSON+ACI-,+ACI-+ACQ-0.00+ACI-,+ACI-+ACQ-0.00+ACI-,+ACI-+ACQ-0.00+ACI-,+ACI-+ACQ-0.00+ACI-,+ACI-+ACQ-0.00+ACI-,+ACI-+ACQ-1,806.99+ACI-,+ACI-+ACQ-0.00+ACI-,+ACI-+ACQ-2,623.05+ACI-,+ACI-+ACQ-3,613.98+ACI-,+ACI-+ACQ-3,264.24+ACI-,+ACI-+ACQ-1,806.99+ACI-,+ACI-+ACQ-524.61+ACI-
+ACI-DALLAM+ACI-,+ACI-+ACQ-10,233.48+ACI-,+ACI-+ACQ-14,728.56+ACI-,+ACI-+ACQ-13,724.34+ACI-,+ACI-+ACQ-16,115.34+ACI-,+ACI-+ACQ-12,481.02+ACI-,+ACI-+ACQ-11,381.16+ACI-,+ACI-+ACQ-11,142.06+ACI-,+ACI-+ACQ-9,803.10+ACI-,+ACI-+ACQ-6,120.96+ACI-,+ACI-+ACQ-6,981.72+ACI-,+ACI-+ACQ-6,551.34+ACI-,+ACI-+ACQ-9,277.08+ACI-
+ACI-DALLAS+ACI-,+ACI-+ACQ-502,093.10+ACI-,+ACI-+ACQ-473,984.90+ACI-,+ACI-+ACQ-441,666.40+ACI-,+ACI-+ACQ-533,640.70+ACI-,+ACI-+ACQ-600,768.30+ACI-,+ACI-+ACQ-656,391.70+ACI-,+ACI-+ACQ-607,389.75+ACI-,+ACI-+ACQ-641,856.60+ACI-,+ACI-+ACQ-666,958.05+ACI-,+ACI-+ACQ-655,142.40+ACI-,+ACI-+ACQ-701,152.65+ACI-,+ACI-+ACQ-743,569.20+ACI-
+ACI-DAWSON+ACI-,+ACI-+ACQ-1,305.00+ACI-,+ACI-+ACQ-180.00+ACI-,+ACI-+ACQ-0.00+ACI-,+ACI-+ACQ-1,170.00+ACI-,+ACI-+ACQ-450.60+ACI-,+ACI-+ACQ-1,440.00+ACI-,+ACI-+ACQ-2,700.00+ACI-,+ACI-+ACQ-2,790.00+ACI-,+ACI-+ACQ-2,790.00+ACI-,+ACI-+ACQ-2,700.00+ACI-,+ACI-+ACQ-2,790.00+ACI-,+ACI-+ACQ-2,250.00+ACI-
+ACI-DEAF SMITH+ACI-,+ACI-+ACQ-11,389.08+ACI-,+ACI-+ACQ-7,841.08+ACI-,+ACI-+ACQ-9,827.96+ACI-,+ACI-+ACQ-11,353.60+ACI-,+ACI-+ACQ-9,366.72+ACI-,+ACI-+ACQ-0.00+ACI-,+ACI-+ACQ-0.00+ACI-,+ACI-+ACQ-0.00+ACI-,+ACI-+ACQ-0.00+ACI-,+ACI-+ACQ-0.00+ACI-,+ACI-+ACQ-0.00+ACI-,+ACI-+ACQ-0.00+ACI-
+ACI-DELTA+ACI-,+ACI-+ACQ-0.00+ACI-,+ACI-+ACQ-0.00+ACI-,+ACI-+ACQ-0.00+ACI-,+ACI-+ACQ-0.00+ACI-,+ACI-+ACQ-0.00+ACI-,+ACI-+ACQ-0.00+ACI-,+ACI-+ACQ-0.00+ACI-,+ACI-+ACQ-0.00+ACI-,+ACI-+ACQ-0.00+ACI-,+ACI-+ACQ-0.00+ACI-,+ACI-+ACQ-0.00+ACI-,+ACI-+ACQ-0.00+ACI-
+ACI-DENTON+ACI-,+ACI-+ACQ-163,133.32+ACI-,+ACI-+ACQ-157,329.80+ACI-,+ACI-+ACQ-154,382.70+ACI-,+ACI-+ACQ-158,962.04+ACI-,+ACI-+ACQ-163,360.02+ACI-,+ACI-+ACQ-187,526.24+ACI-,+ACI-+ACQ-197,773.08+ACI-,+ACI-+ACQ-212,916.64+ACI-,+ACI-+ACQ-196,594.24+ACI-,+ACI-+ACQ-201,037.56+ACI-,+ACI-+ACQ-217,405.30+ACI-,+ACI-+ACQ-207,566.52+ACI-
+ACI-DEWITT+ACI-,+ACI-+ACQ-132.05+ACI-,+ACI-+ACQ-158.46+ACI-,+ACI-+ACQ-79.23+ACI-,+ACI-+ACQ-343.33+ACI-,+ACI-+ACQ-343.33+ACI-,+ACI-+ACQ-79.23+ACI-,+ACI-+ACQ-132.05+ACI-,+ACI-+ACQ-237.69+ACI-,+ACI-+ACQ-871.53+ACI-,+ACI-+ACQ-1,664.40+ACI-,+ACI-+ACQ-1,054.50+ACI-,+ACI-+ACQ-1,776.00+ACI-
+ACI-DICKENS+ACI-,+ACI-+ACQ-0.00+ACI-,+ACI-+ACQ-0.00+ACI-,+ACI-+ACQ-0.00+ACI-,+ACI-+ACQ-0.00+ACI-,+ACI-+ACQ-0.00+ACI-,+ACI-+ACQ-0.00+ACI-,+ACI-+ACQ-0.00+ACI-,+ACI-+ACQ-0.00+ACI-,+ACI-+ACQ-0.00+ACI-,+ACI-+ACQ-0.00+ACI-,+ACI-+ACQ-0.00+ACI-,+ACI-+ACQ-0.00+ACI-
+ACI-DIMMIT+ACI-,+ACI-+ACQ-2,529.24+ACI-,+ACI-+ACQ-1,625.94+ACI-,+ACI-+ACQ-1,957.15+ACI-,+ACI-+ACQ-451.65+ACI-,+ACI-+ACQ-4,305.73+ACI-,+ACI-+ACQ-5,540.24+ACI-,+ACI-+ACQ-5,811.23+ACI-,+ACI-+ACQ-3,914.30+ACI-,+ACI-+ACQ-4,396.06+ACI-,+ACI-+ACQ-1,234.51+ACI-,+ACI-+ACQ-3,221.77+ACI-,+ACI-+ACQ-1,385.06+ACI-
+ACI-DONLEY+ACI-,+ACI-+ACQ-0.00+ACI-,+ACI-+ACQ-0.00+ACI-,+ACI-+ACQ-0.00+ACI-,+ACI-+ACQ-0.00+ACI-,+ACI-+ACQ-0.00+ACI-,+ACI-+ACQ-204.00+ACI-,+ACI-+ACQ-0.00+ACI-,+ACI-+ACQ-0.00+ACI-,+ACI-+ACQ-0.00+ACI-,+ACI-+ACQ-0.00+ACI-,+ACI-+ACQ-0.00+ACI-,+ACI-+ACQ-0.00+ACI-
+ACI-DUVAL+ACI-,+ACI-+ACQ-716.70+ACI-,+ACI-+ACQ-0.00+ACI-,+ACI-+ACQ-382.24+ACI-,+ACI-+ACQ-238.90+ACI-,+ACI-+ACQ-0.00+ACI-,+ACI-+ACQ-716.70+ACI-,+ACI-+ACQ-1,958.98+ACI-,+ACI-+ACQ-7,214.78+ACI-,+ACI-+ACQ-4,921.34+ACI-,+ACI-+ACQ-5,399.14+ACI-,+ACI-+ACQ-5,351.36+ACI-,+ACI-+ACQ-5,542.48+ACI-
+ACI-EASTLAND+ACI-,+ACI-+ACQ-1,610.40+ACI-,+ACI-+ACQ-872.30+ACI-,+ACI-+ACQ-2,177.50+ACI-,+ACI-+ACQ-904.50+ACI-,+ACI-+ACQ-502.50+ACI-,+ACI-+ACQ-1,038.50+ACI-,+ACI-+ACQ-435.50+ACI-,+ACI-+ACQ-0.00+ACI-,+ACI-+ACQ-134.00+ACI-,+ACI-+ACQ-0.00+ACI-,+ACI-+ACQ-0.00+ACI-,+ACI-+ACQ-201.00+ACI-
+ACI-ECTOR+ACI-,+ACI-+ACQ-28,755.79+ACI-,+ACI-+ACQ-28,143.15+ACI-,+ACI-+ACQ-22,284.78+ACI-,+ACI-+ACQ-25,233.11+ACI-,+ACI-+ACQ-23,624.93+ACI-,+ACI-+ACQ-24,658.76+ACI-,+ACI-+ACQ-21,174.37+ACI-,+ACI-+ACQ-26,841.29+ACI-,+ACI-+ACQ-26,688.13+ACI-,+ACI-+ACQ-21,327.53+ACI-,+ACI-+ACQ-21,204.16+ACI-,+ACI-+ACQ-18,330.17+ACI-
+ACI-EDWARDS+ACI-,+ACI-+ACQ-0.00+ACI-,+ACI-+ACQ-0.00+ACI-,+ACI-+ACQ-0.00+ACI-,+ACI-+ACQ-0.00+ACI-,+ACI-+ACQ-0.00+ACI-,+ACI-+ACQ-0.00+ACI-,+ACI-+ACQ-0.00+ACI-,+ACI-+ACQ-0.00+ACI-,+ACI-+ACQ-0.00+ACI-,+ACI-+ACQ-0.00+ACI-,+ACI-+ACQ-0.00+ACI-,+ACI-+ACQ-0.00+ACI-
+ACI-EL PASO+ACI-,+ACI-+ACQ-256,367.38+ACI-,+ACI-+ACQ-271,292.62+ACI-,+ACI-+ACQ-251,543.06+ACI-,+ACI-+ACQ-282,448.86+ACI-,+ACI-+ACQ-281,393.54+ACI-,+ACI-+ACQ-0.00+ACI-,+ACI-+ACQ-0.00+ACI-,+ACI-+ACQ-0.00+ACI-,+ACI-+ACQ-0.00+ACI-,+ACI-+ACQ-0.00+ACI-,+ACI-+ACQ-0.00+ACI-,+ACI-+ACQ-0.00+ACI-
+ACI-ELLIS+ACI-,+ACI-+ACQ-27,765.00+ACI-,+ACI-+ACQ-27,450.00+ACI-,+ACI-+ACQ-31,230.00+ACI-,+ACI-+ACQ-31,275.00+ACI-,+ACI-+ACQ-28,170.00+ACI-,+ACI-+ACQ-32,940.00+ACI-,+ACI-+ACQ-26,910.00+ACI-,+ACI-+ACQ-24,480.00+ACI-,+ACI-+ACQ-35,685.00+ACI-,+ACI-+ACQ-33,525.00+ACI-,+ACI-+ACQ-39,375.00+ACI-,+ACI-+ACQ-38,925.00+ACI-
+ACI-ERATH+ACI-,+ACI-+ACQ-2,058.08+ACI-,+ACI-+ACQ-2,274.72+ACI-,+ACI-+ACQ-0.00+ACI-,+ACI-+ACQ-0.00+ACI-,+ACI-+ACQ-0.00+ACI-,+ACI-+ACQ-0.00+ACI-,+ACI-+ACQ-2,599.68+ACI-,+ACI-+ACQ-3,845.36+ACI-,+ACI-+ACQ-2,383.04+ACI-,+ACI-+ACQ-2,924.64+ACI-,+ACI-+ACQ-2,262.26+ACI-,+ACI-+ACQ-881.40+ACI-
+ACI-FALLS+ACI-,+ACI-+ACQ-238.50+ACI-,+ACI-+ACQ-1,431.00+ACI-,+ACI-+ACQ-159.00+ACI-,+ACI-+ACQ-26.50+ACI-,+ACI-+ACQ-583.00+ACI-,+ACI-+ACQ-2,173.00+ACI-,+ACI-+ACQ-2,809.00+ACI-,+ACI-+ACQ-2,862.00+ACI-,+ACI-+ACQ-4,081.00+ACI-,+ACI-+ACQ-2,491.00+ACI-,+ACI-+ACQ-0.00+ACI-,+ACI-+ACQ-159.00+ACI-
+ACI-FANNIN 1(P)+ACI-,+ACI-+ACQ-0.00+ACI-,+ACI-+ACQ-0.00+ACI-,+ACI-+ACQ-0.00+ACI-,+ACI-+ACQ-245.00+ACI-,+ACI-+ACQ-420.00+ACI-,+ACI-+ACQ-0.00+ACI-,+ACI-+ACQ-0.00+ACI-,+ACI-+ACQ-0.00+ACI-,+ACI-+ACQ-0.00+ACI-,+ACI-+ACQ-0.00+ACI-,+ACI-+ACQ-0.00+ACI-,+ACI-+ACQ-0.00+ACI-
+ACI-FANNIN 2(P)+ACI-,+ACI-+ACQ-0.00+ACI-,+ACI-+ACQ-0.00+ACI-,+ACI-+ACQ-0.00+ACI-,+ACI-+ACQ-0.00+ACI-,+ACI-+ACQ-0.00+ACI-,,,,,,,
+ACI-FAYETTE+ACI-,+ACI-+ACQ-0.00+ACI-,+ACI-+ACQ-40.60+ACI-,+ACI-+ACQ-568.40+ACI-,+ACI-+ACQ-609.00+ACI-,+ACI-+ACQ-0.00+ACI-,+ACI-+ACQ-1,015.00+ACI-,+ACI-+ACQ-527.80+ACI-,+ACI-+ACQ-162.40+ACI-,+ACI-+ACQ-1,197.70+ACI-,+ACI-+ACQ-1,238.30+ACI-,+ACI-+ACQ-304.50+ACI-,+ACI-+ACQ-0.00+ACI-
+ACI-FISHER+ACI-,+ACI-+ACQ-49.93+ACI-,+ACI-+ACQ-199.72+ACI-,+ACI-+ACQ-249.65+ACI-,+ACI-+ACQ-0.00+ACI-,+ACI-+ACQ-99.86+ACI-,+ACI-+ACQ-349.51+ACI-,+ACI-+ACQ-0.00+ACI-,+ACI-+ACQ-0.00+ACI-,+ACI-+ACQ-199.72+ACI-,+ACI-+ACQ-399.44+ACI-,+ACI-+ACQ-0.00+ACI-,+ACI-+ACQ-0.00+ACI-
+ACI-FLOYD+ACI-,+ACI-+ACQ-0.00+ACI-,+ACI-+ACQ-0.00+ACI-,+ACI-+ACQ-0.00+ACI-,+ACI-+ACQ-0.00+ACI-,+ACI-+ACQ-0.00+ACI-,+ACI-+ACQ-0.00+ACI-,+ACI-+ACQ-0.00+ACI-,+ACI-+ACQ-0.00+ACI-,+ACI-+ACQ-0.00+ACI-,+ACI-+ACQ-0.00+ACI-,+ACI-+ACQ-0.00+ACI-,+ACI-+ACQ-0.00+ACI-
+ACI-FOARD+ACI-,+ACI-+ACQ-0.00+ACI-,+ACI-+ACQ-0.00+ACI-,+ACI-+ACQ-0.00+ACI-,+ACI-+ACQ-0.00+ACI-,+ACI-+ACQ-0.00+ACI-,+ACI-+ACQ-0.00+ACI-,+ACI-+ACQ-0.00+ACI-,+ACI-+ACQ-0.00+ACI-,+ACI-+ACQ-0.00+ACI-,+ACI-+ACQ-0.00+ACI-,+ACI-+ACQ-0.00+ACI-,+ACI-+ACQ-0.00+ACI-
+ACI-FORT BEND+ACI-,+ACI-+ACQ-104,239.24+ACI-,+ACI-+ACQ-92,044.12+ACI-,+ACI-+ACQ-84,121.44+ACI-,+ACI-+ACQ-91,090.08+ACI-,+ACI-+ACQ-91,131.56+ACI-,+ACI-+ACQ-0.00+ACI-,+ACI-+ACQ-0.00+ACI-,+ACI-+ACQ-0.00+ACI-,+ACI-+ACQ-0.00+ACI-,+ACI-+ACQ-0.00+ACI-,+ACI-+ACQ-0.00+ACI-,+ACI-+ACQ-0.00+ACI-
+ACI-FRANKLIN+ACI-,+ACI-+ACQ-934.34+ACI-,+ACI-+ACQ-663.08+ACI-,+ACI-+ACQ-678.15+ACI-,+ACI-+ACQ-934.34+ACI-,+ACI-+ACQ-391.82+ACI-,+ACI-+ACQ-165.77+ACI-,+ACI-+ACQ-557.59+ACI-,+ACI-+ACQ-934.34+ACI-,+ACI-+ACQ-1,401.51+ACI-,+ACI-+ACQ-964.48+ACI-,+ACI-+ACQ-485.77+ACI-,+ACI-+ACQ-470.10+ACI-
+ACI-FREESTONE+ACI-,+ACI-+ACQ-4,180.00+ACI-,+ACI-+ACQ-4,978.00+ACI-,+ACI-+ACQ-9,200.00+ACI-,+ACI-+ACQ-5,738.00+ACI-,+ACI-+ACQ-2,280.00+ACI-,+ACI-+ACQ-3,610.00+ACI-,+ACI-+ACQ-6,004.00+ACI-,+ACI-+ACQ-6,042.00+ACI-,+ACI-+ACQ-5,016.00+ACI-,+ACI-+ACQ-6,346.00+ACI-,+ACI-+ACQ-7,182.00+ACI-,+ACI-+ACQ-5,396.00+ACI-
+ACI-FRIO (P)+ACI-,+ACI-+ACQ-868.00+ACI-,+ACI-+ACQ-0.00+ACI-,+ACI-+ACQ-0.00+ACI-,+ACI-+ACQ-0.00+ACI-,+ACI-+ACQ-2,800.00+ACI-,+ACI-+ACQ-0.00+ACI-,+ACI-+ACQ-0.00+ACI-,+ACI-+ACQ-0.00+ACI-,+ACI-+ACQ-0.00+ACI-,+ACI-+ACQ-0.00+ACI-,+ACI-+ACQ-0.00+ACI-,+ACI-+ACQ-0.00+ACI-
+ACI-GAINES+ACI-,+ACI-+ACQ-10,801.92+ACI-,+ACI-+ACQ-9,208.08+ACI-,+ACI-+ACQ-10,231.20+ACI-,+ACI-+ACQ-14,096.32+ACI-,+ACI-+ACQ-10,117.52+ACI-,+ACI-+ACQ-13,300.56+ACI-,+ACI-+ACQ-6,820.80+ACI-,+ACI-+ACQ-6,252.40+ACI-,+ACI-+ACQ-3,524.08+ACI-,+ACI-+ACQ-5,456.64+ACI-,+ACI-+ACQ-7,048.16+ACI-,+ACI-+ACQ-3,410.40+ACI-
+ACI-GALVESTON+ACI-,+ACI-+ACQ-20,954.16+ACI-,+ACI-+ACQ-20,665.80+ACI-,+ACI-+ACQ-26,529.12+ACI-,+ACI-+ACQ-26,673.30+ACI-,+ACI-+ACQ-33,497.82+ACI-,+ACI-+ACQ-32,440.50+ACI-,+ACI-+ACQ-27,009.72+ACI-,+ACI-+ACQ-30,181.68+ACI-,+ACI-+ACQ-33,017.22+ACI-,+ACI-+ACQ-25,327.62+ACI-,+ACI-+ACQ-30,566.16+ACI-,+ACI-+ACQ-26,577.18+ACI-
+ACI-GARZA+ACI-,+ACI-+ACQ-1,067.95+ACI-,+ACI-+ACQ-1,067.95+ACI-,+ACI-+ACQ-999.05+ACI-,+ACI-+ACQ-1,067.95+ACI-,+ACI-+ACQ-1,033.50+ACI-,+ACI-+ACQ-1,550.25+ACI-,+ACI-+ACQ-1,033.50+ACI-,+ACI-+ACQ-413.40+ACI-,+ACI-+ACQ-0.00+ACI-,+ACI-+ACQ-0.00+ACI-,+ACI-+ACQ-0.00+ACI-,+ACI-+ACQ-0.00+ACI-
+ACI-GILLESPIE+ACI-,+ACI-+ACQ-52,889.60+ACI-,+ACI-+ACQ-43,964.48+ACI-,+ACI-+ACQ-36,857.44+ACI-,+ACI-+ACQ-35,039.36+ACI-,+ACI-+ACQ-30,246.24+ACI-,+ACI-+ACQ-37,520.83+ACI-,+ACI-+ACQ-35,041.48+ACI-,+ACI-+ACQ-28,925.75+ACI-,+ACI-+ACQ-34,049.74+ACI-,+ACI-+ACQ-22,810.02+ACI-,+ACI-+ACQ-19,669.51+ACI-,+ACI-+ACQ-27,768.72+ACI-
+ACI-GLASSCOCK+ACI-,+ACI-+ACQ-0.00+ACI-,+ACI-+ACQ-0.00+ACI-,+ACI-+ACQ-270.00+ACI-,+ACI-+ACQ-0.00+ACI-,+ACI-+ACQ-0.00+ACI-,+ACI-+ACQ-450.00+ACI-,+ACI-+ACQ-0.00+ACI-,+ACI-+ACQ-0.00+ACI-,+ACI-+ACQ-0.00+ACI-,+ACI-+ACQ-0.00+ACI-,+ACI-+ACQ-0.00+ACI-,+ACI-+ACQ-0.00+ACI-
+ACI-GOLIAD+ACI-,+ACI-+ACQ-1,395.00+ACI-,+ACI-+ACQ-1,395.00+ACI-,+ACI-+ACQ-1,305.00+ACI-,+ACI-+ACQ-1,395.00+ACI-,+ACI-+ACQ-495.00+ACI-,+ACI-+ACQ-0.00+ACI-,+ACI-+ACQ-2,700.00+ACI-,+ACI-+ACQ-2,790.00+ACI-,+ACI-+ACQ-2,790.00+ACI-,+ACI-+ACQ-3,645.00+ACI-,+ACI-+ACQ-4,185.00+ACI-,+ACI-+ACQ-4,050.00+ACI-
+ACI-GONZALES+ACI-,+ACI-+ACQ-6,430.45+ACI-,+ACI-+ACQ-10,844.25+ACI-,+ACI-+ACQ-9,626.65+ACI-,+ACI-+ACQ-9,816.90+ACI-,+ACI-+ACQ-8,180.75+ACI-,+ACI-+ACQ-11,985.75+ACI-,+ACI-+ACQ-14,154.60+ACI-,+ACI-+ACQ-8,523.20+ACI-,+ACI-+ACQ-3,881.10+ACI-,+ACI-+ACQ-8,827.60+ACI-,+ACI-+ACQ-9,626.65+ACI-,+ACI-+ACQ-12,366.25+ACI-
+ACI-GRAY+ACI-,+ACI-+ACQ-6,468.00+ACI-,+ACI-+ACQ-6,380.00+ACI-,+ACI-+ACQ-2,552.00+ACI-,+ACI-+ACQ-5,148.00+ACI-,+ACI-+ACQ-4,268.00+ACI-,+ACI-+ACQ-4,752.00+ACI-,+ACI-+ACQ-3,080.00+ACI-,+ACI-+ACQ-7,436.00+ACI-,+ACI-+ACQ-8,448.00+ACI-,+ACI-+ACQ-7,656.00+ACI-,+ACI-+ACQ-4,180.00+ACI-,+ACI-+ACQ-5,280.00+ACI-
+ACI-GRAYSON+ACI-,+ACI-+ACQ-20,241.00+ACI-,+ACI-+ACQ-22,639.50+ACI-,+ACI-+ACQ-526.50+ACI-,+ACI-+ACQ-22,815.00+ACI-,+ACI-+ACQ-25,038.00+ACI-,+ACI-+ACQ-30,244.50+ACI-,+ACI-+ACQ-28,314.00+ACI-,+ACI-+ACQ-24,570.00+ACI-,+ACI-+ACQ-23,224.50+ACI-,+ACI-+ACQ-21,001.50+ACI-,+ACI-+ACQ-25,623.00+ACI-,+ACI-+ACQ-23,283.00+ACI-
+ACI-GREGG+ACI-,+ACI-+ACQ-16,026.92+ACI-,+ACI-+ACQ-12,809.16+ACI-,+ACI-+ACQ-11,354.98+ACI-,+ACI-+ACQ-9,189.18+ACI-,+ACI-+ACQ-7,704.06+ACI-,+ACI-+ACQ-7,239.96+ACI-,+ACI-+ACQ-6,095.18+ACI-,+ACI-+ACQ-9,962.68+ACI-,+ACI-+ACQ-10,767.12+ACI-,+ACI-+ACQ-12,592.58+ACI-,+ACI-+ACQ-13,397.02+ACI-,+ACI-+ACQ-14,046.76+ACI-
+ACI-GRIMES+ACI-,+ACI-+ACQ-2,278.50+ACI-,+ACI-+ACQ-1,286.25+ACI-,+ACI-+ACQ-1,176.00+ACI-,+ACI-+ACQ-1,984.50+ACI-,+ACI-+ACQ-0.00+ACI-,+ACI-+ACQ-0.00+ACI-,+ACI-+ACQ-147.00+ACI-,+ACI-+ACQ-0.00+ACI-,+ACI-+ACQ-0.00+ACI-,+ACI-+ACQ-0.00+ACI-,+ACI-+ACQ-992.25+ACI-,+ACI-+ACQ-1,176.00+ACI-
+ACI-GUADALUPE+ACI-,+ACI-+ACQ-20,142.87+ACI-,+ACI-+ACQ-16,954.52+ACI-,+ACI-+ACQ-17,067.05+ACI-,+ACI-+ACQ-21,193.15+ACI-,+ACI-+ACQ-15,266.57+ACI-,+ACI-+ACQ-17,104.56+ACI-,+ACI-+ACQ-18,004.80+ACI-,+ACI-+ACQ-15,491.63+ACI-,+ACI-+ACQ-16,429.38+ACI-,+ACI-+ACQ-14,778.94+ACI-,+ACI-+ACQ-23,421.75+ACI-,+ACI-+ACQ-24,256.75+ACI-
+ACI-HALE+ACI-,+ACI-+ACQ-8,170.00+ACI-,+ACI-+ACQ-8,132.00+ACI-,+ACI-+ACQ-8,246.00+ACI-,+ACI-+ACQ-5,814.00+ACI-,+ACI-+ACQ-5,168.00+ACI-,+ACI-+ACQ-7,638.00+ACI-,+ACI-+ACQ-5,700.00+ACI-,+ACI-+ACQ-5,358.00+ACI-,+ACI-+ACQ-6,422.00+ACI-,+ACI-+ACQ-4,712.00+ACI-,+ACI-+ACQ-4,142.00+ACI-,+ACI-+ACQ-7,524.00+ACI-
+ACI-HALL+ACI-,+ACI-+ACQ-0.00+ACI-,+ACI-+ACQ-0.00+ACI-,+ACI-+ACQ-0.00+ACI-,+ACI-+ACQ-581.22+ACI-,+ACI-+ACQ-1,420.76+ACI-,+ACI-+ACQ-968.70+ACI-,+ACI-+ACQ-3,358.16+ACI-,+ACI-+ACQ-774.96+ACI-,+ACI-+ACQ-581.22+ACI-,+ACI-+ACQ-322.90+ACI-,+ACI-+ACQ-0.00+ACI-,+ACI-+ACQ-1,033.28+ACI-
+ACI-HAMILTON+ACI-,+ACI-+ACQ-0.00+ACI-,+ACI-+ACQ-0.00+ACI-,+ACI-+ACQ-72.00+ACI-,+ACI-+ACQ-0.00+ACI-,+ACI-+ACQ-0.00+ACI-,+ACI-+ACQ-0.00+ACI-,+ACI-+ACQ-0.00+ACI-,+ACI-+ACQ-0.00+ACI-,+ACI-+ACQ-0.00+ACI-,+ACI-+ACQ-0.00+ACI-,+ACI-+ACQ-0.00+ACI-,+ACI-+ACQ-0.00+ACI-
+ACI-HANSFORD+ACI-,+ACI-+ACQ-0.00+ACI-,+ACI-+ACQ-0.00+ACI-,+ACI-+ACQ-0.00+ACI-,+ACI-+ACQ-0.00+ACI-,+ACI-+ACQ-0.00+ACI-,+ACI-+ACQ-595.00+ACI-,+ACI-+ACQ-1,995.00+ACI-,+ACI-+ACQ-70.00+ACI-,+ACI-+ACQ-0.00+ACI-,+ACI-+ACQ-0.00+ACI-,+ACI-+ACQ-0.00+ACI-,+ACI-+ACQ-175.00+ACI-
+ACI-HARDEMAN+ACI-,+ACI-+ACQ-0.00+ACI-,+ACI-+ACQ-0.00+ACI-,+ACI-+ACQ-0.00+ACI-,+ACI-+ACQ-0.00+ACI-,+ACI-+ACQ-0.00+ACI-,+ACI-+ACQ-0.00+ACI-,+ACI-+ACQ-0.00+ACI-,+ACI-+ACQ-0.00+ACI-,+ACI-+ACQ-0.00+ACI-,+ACI-+ACQ-0.00+ACI-,+ACI-+ACQ-0.00+ACI-,+ACI-+ACQ-0.00+ACI-
+ACI-HARDIN+ACI-,+ACI-+ACQ-1,685.54+ACI-,+ACI-+ACQ-3,014.98+ACI-,+ACI-+ACQ-2,753.84+ACI-,+ACI-+ACQ-3,038.72+ACI-,+ACI-+ACQ-2,231.56+ACI-,+ACI-+ACQ-2,611.40+ACI-,+ACI-+ACQ-2,611.40+ACI-,+ACI-+ACQ-2,207.82+ACI-,+ACI-+ACQ-2,255.30+ACI-,+ACI-+ACQ-2,706.36+ACI-,+ACI-+ACQ-2,563.92+ACI-,+ACI-+ACQ-1,733.02+ACI-
+ACI-HARRIS+ACI-,+ACI-+ACQ-2,154,225.00+ACI-,+ACI-+ACQ-2,179,125.00+ACI-,+ACI-+ACQ-1,955,625.00+ACI-,+ACI-+ACQ-2,010,375.00+ACI-,+ACI-+ACQ-2,060,025.00+ACI-,+ACI-+ACQ-2,075,325.00+ACI-,+ACI-+ACQ-2,094,600.00+ACI-,+ACI-+ACQ-2,164,050.00+ACI-,+ACI-+ACQ-2,182,875.00+ACI-,+ACI-+ACQ-2,088,450.00+ACI-,+ACI-+ACQ-2,026,425.00+ACI-,+ACI-+ACQ-1,927,425.00+ACI-
+ACI-HARRISON+ACI-,+ACI-+ACQ-4,407.75+ACI-,+ACI-+ACQ-4,864.85+ACI-,+ACI-+ACQ-4,015.95+ACI-,+ACI-+ACQ-6,236.15+ACI-,+ACI-+ACQ-4,701.60+ACI-,+ACI-+ACQ-8,162.50+ACI-,+ACI-+ACQ-8,684.90+ACI-,+ACI-+ACQ-8,717.55+ACI-,+ACI-+ACQ-8,260.45+ACI-,+ACI-+ACQ-5,191.35+ACI-,+ACI-+ACQ-3,232.35+ACI-,+ACI-+ACQ-5,713.75+ACI-
+ACI-HASKELL (P)+ACI-,+ACI-+ACQ-0.00+ACI-,+ACI-+ACQ-0.00+ACI-,+ACI-+ACQ-0.00+ACI-,+ACI-+ACQ-0.00+ACI-,+ACI-+ACQ-0.00+ACI-,+ACI-+ACQ-0.00+ACI-,+ACI-+ACQ-0.00+ACI-,+ACI-+ACQ-0.00+ACI-,+ACI-+ACQ-0.00+ACI-,+ACI-+ACQ-0.00+ACI-,+ACI-+ACQ-0.00+ACI-,+ACI-+ACQ-0.00+ACI-
+ACI-HAYS+ACI-,+ACI-+ACQ-53,349.04+ACI-,+ACI-+ACQ-56,009.84+ACI-,+ACI-+ACQ-53,216.00+ACI-,+ACI-+ACQ-50,621.72+ACI-,+ACI-+ACQ-45,632.72+ACI-,+ACI-+ACQ-45,034.04+ACI-,+ACI-+ACQ-33,659.12+ACI-,+ACI-+ACQ-33,925.20+ACI-,+ACI-+ACQ-39,113.76+ACI-,+ACI-+ACQ-41,907.60+ACI-,+ACI-+ACQ-42,240.20+ACI-,+ACI-+ACQ-33,193.48+ACI-
+ACI-HEMPHILL+ACI-,+ACI-+ACQ-3,493.60+ACI-,+ACI-+ACQ-4,922.80+ACI-,+ACI-+ACQ-4,605.20+ACI-,+ACI-+ACQ-2,302.60+ACI-,+ACI-+ACQ-1,349.80+ACI-,+ACI-+ACQ-2,461.40+ACI-,+ACI-+ACQ-2,858.40+ACI-,+ACI-+ACQ-317.60+ACI-,+ACI-+ACQ-0.00+ACI-,+ACI-+ACQ-3,334.80+ACI-,+ACI-+ACQ-3,334.80+ACI-,+ACI-+ACQ-4,654.80+ACI-
+ACI-HENDERSON+ACI-,+ACI-+ACQ-4,298.66+ACI-,+ACI-+ACQ-4,955.78+ACI-,+ACI-+ACQ-3,121.32+ACI-,+ACI-+ACQ-3,586.78+ACI-,+ACI-+ACQ-4,271.28+ACI-,+ACI-+ACQ-5,859.32+ACI-,+ACI-+ACQ-6,270.02+ACI-,+ACI-+ACQ-5,503.38+ACI-,+ACI-+ACQ-5,037.92+ACI-,+ACI-+ACQ-5,831.94+ACI-,+ACI-+ACQ-5,914.08+ACI-,+ACI-+ACQ-4,818.88+ACI-
+ACI-HIDALGO+ACI-,+ACI-+ACQ-244,496.91+ACI-,+ACI-+ACQ-269,194.59+ACI-,+ACI-+ACQ-262,564.68+ACI-,+ACI-+ACQ-279,519.03+ACI-,+ACI-+ACQ-246,369.48+ACI-,+ACI-+ACQ-245,407.89+ACI-,+ACI-+ACQ-256,744.53+ACI-,+ACI-+ACQ-280,936.11+ACI-,+ACI-+ACQ-277,190.97+ACI-,+ACI-+ACQ-295,157.52+ACI-,+ACI-+ACQ-248,090.22+ACI-,+ACI-+ACQ-189,483.84+ACI-
+ACI-HILL+ACI-,+ACI-+ACQ-3,388.92+ACI-,+ACI-+ACQ-1,940.43+ACI-,+ACI-+ACQ-901.89+ACI-,+ACI-+ACQ-1,011.21+ACI-,+ACI-+ACQ-1,257.18+ACI-,+ACI-+ACQ-1,885.77+ACI-,+ACI-+ACQ-1,967.76+ACI-,+ACI-+ACQ-3,525.57+ACI-,+ACI-+ACQ-4,318.14+ACI-,+ACI-+ACQ-4,482.12+ACI-,+ACI-+ACQ-4,618.77+ACI-,+ACI-+ACQ-6,395.22+ACI-
+ACI-HOCKLEY+ACI-,+ACI-+ACQ-6,536.53+ACI-,+ACI-+ACQ-4,982.39+ACI-,+ACI-+ACQ-2,788.31+ACI-,+ACI-+ACQ-4,251.03+ACI-,+ACI-+ACQ-4,061.25+ACI-,+ACI-+ACQ-3,206.25+ACI-,+ACI-+ACQ-4,388.16+ACI-,+ACI-+ACQ-5,073.81+ACI-,+ACI-+ACQ-4,479.58+ACI-,+ACI-+ACQ-4,982.39+ACI-,+ACI-+ACQ-8,319.22+ACI-,+ACI-+ACQ-5,759.46+ACI-
+ACI-HOOD+ACI-,+ACI-+ACQ-5,881.26+ACI-,+ACI-+ACQ-6,013.92+ACI-,+ACI-+ACQ-8,048.04+ACI-,+ACI-+ACQ-12,691.14+ACI-,+ACI-+ACQ-11,939.40+ACI-,+ACI-+ACQ-10,303.26+ACI-,+ACI-+ACQ-8,667.12+ACI-,+ACI-+ACQ-11,010.78+ACI-,+ACI-+ACQ-11,187.66+ACI-,+ACI-+ACQ-9,507.30+ACI-,+ACI-+ACQ-10,376.19+ACI-,+ACI-+ACQ-12,563.10+ACI-
+ACI-HOPKINS+ACI-,+ACI-+ACQ-5,440.00+ACI-,+ACI-+ACQ-4,360.00+ACI-,+ACI-+ACQ-4,840.00+ACI-,+ACI-+ACQ-3,560.00+ACI-,+ACI-+ACQ-3,080.00+ACI-,+ACI-+ACQ-2,760.00+ACI-,+ACI-+ACQ-1,200.00+ACI-,+ACI-+ACQ-1,240.00+ACI-,+ACI-+ACQ-1,200.00+ACI-,+ACI-+ACQ-1,200.00+ACI-,+ACI-+ACQ-2,080.00+ACI-,+ACI-+ACQ-2,240.00+ACI-
+ACI-HOUSTON+ACI-,+ACI-+ACQ-1,405.23+ACI-,+ACI-+ACQ-3,127.77+ACI-,+ACI-+ACQ-5,767.00+ACI-,+ACI-+ACQ-4,215.69+ACI-,+ACI-+ACQ-4,261.02+ACI-,+ACI-+ACQ-4,215.69+ACI-,+ACI-+ACQ-3,218.43+ACI-,+ACI-+ACQ-3,490.41+ACI-,+ACI-+ACQ-3,626.40+ACI-,+ACI-+ACQ-2,674.47+ACI-,+ACI-+ACQ-1,813.20+ACI-,+ACI-+ACQ-951.93+ACI-
+ACI-HOWARD+ACI-,+ACI-+ACQ-1,962.48+ACI-,+ACI-+ACQ-1,660.56+ACI-,+ACI-+ACQ-553.52+ACI-,+ACI-+ACQ-402.56+ACI-,+ACI-+ACQ-0.00+ACI-,+ACI-+ACQ-0.00+ACI-,+ACI-+ACQ-251.60+ACI-,+ACI-+ACQ-603.84+ACI-,+ACI-+ACQ-402.56+ACI-,+ACI-+ACQ-603.84+ACI-,+ACI-+ACQ-201.28+ACI-,+ACI-+ACQ-0.00+ACI-
+ACI-HUDSPETH+ACI-,+ACI-+ACQ-1,278.38+ACI-,+ACI-+ACQ-654.78+ACI-,+ACI-+ACQ-0.00+ACI-,+ACI-+ACQ-31.18+ACI-,+ACI-+ACQ-467.70+ACI-,+ACI-+ACQ-342.98+ACI-,+ACI-+ACQ-202.67+ACI-,+ACI-+ACQ-623.60+ACI-,+ACI-+ACQ-1,293.97+ACI-,+ACI-+ACQ-1,028.94+ACI-,+ACI-+ACQ-966.58+ACI-,+ACI-+ACQ-1,401.30+ACI-
+ACI-HUNT+ACI-,+ACI-+ACQ-13,035.15+ACI-,+ACI-+ACQ-7,601.22+ACI-,+ACI-+ACQ-6,910.20+ACI-,+ACI-+ACQ-8,198.01+ACI-,+ACI-+ACQ-7,664.04+ACI-,+ACI-+ACQ-8,669.16+ACI-,+ACI-+ACQ-10,051.20+ACI-,+ACI-+ACQ-12,344.13+ACI-,+ACI-+ACQ-15,799.23+ACI-,+ACI-+ACQ-16,992.81+ACI-,+ACI-+ACQ-16,066.13+ACI-,+ACI-+ACQ-12,470.22+ACI-
+ACI-HUTCHINSON+ACI-,+ACI-+ACQ-6,679.04+ACI-,+ACI-+ACQ-6,418.14+ACI-,+ACI-+ACQ-6,365.96+ACI-,+ACI-+ACQ-4,591.84+ACI-,+ACI-+ACQ-7,618.28+ACI-,+ACI-+ACQ-6,470.32+ACI-,+ACI-+ACQ-7,253.02+ACI-,+ACI-+ACQ-7,983.54+ACI-,+ACI-+ACQ-4,278.76+ACI-,+ACI-+ACQ-6,261.60+ACI-,+ACI-+ACQ-6,261.60+ACI-,+ACI-+ACQ-4,800.56+ACI-
+ACI-IRION+ACI-,+ACI-+ACQ-0.00+ACI-,+ACI-+ACQ-0.00+ACI-,+ACI-+ACQ-0.00+ACI-,+ACI-+ACQ-0.00+ACI-,+ACI-+ACQ-0.00+ACI-,+ACI-+ACQ-0.00+ACI-,+ACI-+ACQ-0.00+ACI-,+ACI-+ACQ-0.00+ACI-,+ACI-+ACQ-0.00+ACI-,+ACI-+ACQ-0.00+ACI-,+ACI-+ACQ-0.00+ACI-,+ACI-+ACQ-0.00+ACI-
+ACI-JACK+ACI-,+ACI-+ACQ-0.00+ACI-,+ACI-+ACQ-0.00+ACI-,+ACI-+ACQ-0.00+ACI-,+ACI-+ACQ-0.00+ACI-,+ACI-+ACQ-1,008.84+ACI-,+ACI-+ACQ-1,489.24+ACI-,+ACI-+ACQ-2,450.04+ACI-,+ACI-+ACQ-3,122.60+ACI-,+ACI-+ACQ-0.00+ACI-,+ACI-+ACQ-1,441.20+ACI-,+ACI-+ACQ-1,489.24+ACI-,+ACI-+ACQ-1,681.40+ACI-
+ACI-JACKSON+ACI-,+ACI-+ACQ-5,624.08+ACI-,+ACI-+ACQ-5,331.92+ACI-,+ACI-+ACQ-4,236.32+ACI-,+ACI-+ACQ-5,660.60+ACI-,+ACI-+ACQ-5,112.80+ACI-,+ACI-+ACQ-3,359.84+ACI-,+ACI-+ACQ-1,351.24+ACI-,+ACI-+ACQ-3,031.16+ACI-,+ACI-+ACQ-3,907.64+ACI-,+ACI-+ACQ-3,615.48+ACI-,+ACI-+ACQ-5,076.28+ACI-,+ACI-+ACQ-4,833.75+ACI-
+ACI-JASPER+ACI-,+ACI-+ACQ-0.00+ACI-,+ACI-+ACQ-0.00+ACI-,+ACI-+ACQ-0.00+ACI-,+ACI-+ACQ-0.00+ACI-,+ACI-+ACQ-0.00+ACI-,+ACI-+ACQ-0.00+ACI-,+ACI-+ACQ-0.00+ACI-,+ACI-+ACQ-0.00+ACI-,+ACI-+ACQ-0.00+ACI-,+ACI-+ACQ-0.00+ACI-,+ACI-+ACQ-0.00+ACI-,+ACI-+ACQ-0.00+ACI-
+ACI-JEFF DAVIS+ACI-,+ACI-+ACQ-3,813.00+ACI-,+ACI-+ACQ-1,271.00+ACI-,+ACI-+ACQ-1,189.00+ACI-,+ACI-+ACQ-1,271.00+ACI-,+ACI-+ACQ-1,230.00+ACI-,+ACI-+ACQ-0.00+ACI-,+ACI-+ACQ-0.00+ACI-,+ACI-+ACQ-0.00+ACI-,+ACI-+ACQ-0.00+ACI-,+ACI-+ACQ-0.00+ACI-,+ACI-+ACQ-0.00+ACI-,+ACI-+ACQ-0.00+ACI-
+ACI-JEFFERSON+ACI-,+ACI-+ACQ-34,372.00+ACI-,+ACI-+ACQ-26,260.00+ACI-,+ACI-+ACQ-21,528.00+ACI-,+ACI-+ACQ-22,880.00+ACI-,+ACI-+ACQ-20,280.00+ACI-,+ACI-+ACQ-31,460.00+ACI-,+ACI-+ACQ-35,152.00+ACI-,+ACI-+ACQ-38,844.00+ACI-,+ACI-+ACQ-36,660.00+ACI-,+ACI-+ACQ-25,896.00+ACI-,+ACI-+ACQ-29,276.00+ACI-,+ACI-+ACQ-28,912.00+ACI-
+ACI-JIM HOGG+ACI-,+ACI-+ACQ-749.79+ACI-,+ACI-+ACQ-1,083.03+ACI-,+ACI-+ACQ-1,610.66+ACI-,+ACI-+ACQ-805.33+ACI-,+ACI-+ACQ-0.00+ACI-,+ACI-+ACQ-0.00+ACI-,+ACI-+ACQ-0.00+ACI-,+ACI-+ACQ-0.00+ACI-,+ACI-+ACQ-0.00+ACI-,+ACI-+ACQ-0.00+ACI-,+ACI-+ACQ-0.00+ACI-,+ACI-+ACQ-0.00+ACI-
+ACI-JIM WELLS+ACI-,+ACI-+ACQ-1,426.00+ACI-,+ACI-+ACQ-3,174.00+ACI-,+ACI-+ACQ-3,450.00+ACI-,+ACI-+ACQ-4,278.00+ACI-,+ACI-+ACQ-2,760.00+ACI-,+ACI-+ACQ-0.00+ACI-,+ACI-+ACQ-0.00+ACI-,+ACI-+ACQ-0.00+ACI-,+ACI-+ACQ-0.00+ACI-,+ACI-+ACQ-0.00+ACI-,+ACI-+ACQ-0.00+ACI-,+ACI-+ACQ-0.00+ACI-
+ACI-JOHNSON+ACI-,+ACI-+ACQ-11,841.48+ACI-,+ACI-+ACQ-10,132.08+ACI-,+ACI-+ACQ-10,598.28+ACI-,+ACI-+ACQ-6,309.24+ACI-,+ACI-+ACQ-4,568.76+ACI-,+ACI-+ACQ-14,483.28+ACI-,+ACI-+ACQ-19,083.12+ACI-,+ACI-+ACQ-16,907.52+ACI-,+ACI-+ACQ-17,839.92+ACI-,+ACI-+ACQ-20,295.24+ACI-,+ACI-+ACQ-32,863.76+ACI-,+ACI-+ACQ-23,892.96+ACI-
+ACI-JONES+ACI-,+ACI-+ACQ-568.00+ACI-,+ACI-+ACQ-2,130.00+ACI-,+ACI-+ACQ-2,059.00+ACI-,+ACI-+ACQ-2,201.00+ACI-,+ACI-+ACQ-1,349.00+ACI-,+ACI-+ACQ-0.00+ACI-,+ACI-+ACQ-0.00+ACI-,+ACI-+ACQ-781.00+ACI-,+ACI-+ACQ-0.00+ACI-,+ACI-+ACQ-142.00+ACI-,+ACI-+ACQ-0.00+ACI-,+ACI-+ACQ-0.00+ACI-
+ACI-KARNES+ACI-,+ACI-+ACQ-0.00+ACI-,+ACI-+ACQ-0.00+ACI-,+ACI-+ACQ-2,152.15+ACI-,+ACI-+ACQ-2,767.05+ACI-,+ACI-+ACQ-3,320.46+ACI-,+ACI-+ACQ-4,181.32+ACI-,+ACI-+ACQ-5,472.61+ACI-,+ACI-+ACQ-4,242.81+ACI-,+ACI-+ACQ-924.00+ACI-,+ACI-+ACQ-0.00+ACI-,+ACI-+ACQ-0.00+ACI-,+ACI-+ACQ-210.00+ACI-
+ACI-KAUFMAN+ACI-,+ACI-+ACQ-8,870.08+ACI-,+ACI-+ACQ-5,397.36+ACI-,+ACI-+ACQ-11,171.28+ACI-,+ACI-+ACQ-10,460.00+ACI-,+ACI-+ACQ-9,832.40+ACI-,+ACI-+ACQ-12,175.44+ACI-,+ACI-+ACQ-10,376.32+ACI-,+ACI-+ACQ-14,936.88+ACI-,+ACI-+ACQ-15,104.24+ACI-,+ACI-+ACQ-20,166.88+ACI-,+ACI-+ACQ-19,037.20+ACI-,+ACI-+ACQ-14,309.28+ACI-
+ACI-KENDALL+ACI-,+ACI-+ACQ-11,201.54+ACI-,+ACI-+ACQ-8,663.26+ACI-,+ACI-+ACQ-7,670.02+ACI-,+ACI-+ACQ-6,511.24+ACI-,+ACI-+ACQ-7,890.74+ACI-,+ACI-+ACQ-11,201.54+ACI-,+ACI-+ACQ-9,711.68+ACI-,+ACI-+ACQ-14,677.88+ACI-,+ACI-+ACQ-14,126.08+ACI-,+ACI-+ACQ-9,932.40+ACI-,+ACI-+ACQ-7,890.74+ACI-,+ACI-+ACQ-3,917.78+ACI-
+ACI-KENEDY+ACI-,+ACI-+ACQ-5,985.00+ACI-,+ACI-+ACQ-5,895.00+ACI-,+ACI-+ACQ-3,060.00+ACI-,+ACI-+ACQ-1,845.00+ACI-,+ACI-+ACQ-1,935.00+ACI-,+ACI-+ACQ-2,205.00+ACI-,+ACI-+ACQ-4,140.00+ACI-,+ACI-+ACQ-1,395.00+ACI-,+ACI-+ACQ-1,755.00+ACI-,+ACI-+ACQ-1,980.00+ACI-,+ACI-+ACQ-3,420.00+ACI-,+ACI-+ACQ-2,925.00+ACI-
+ACI-KENT+ACI-,+ACI-+ACQ-0.00+ACI-,+ACI-+ACQ-0.00+ACI-,+ACI-+ACQ-0.00+ACI-,+ACI-+ACQ-0.00+ACI-,+ACI-+ACQ-0.00+ACI-,+ACI-+ACQ-0.00+ACI-,+ACI-+ACQ-0.00+ACI-,+ACI-+ACQ-0.00+ACI-,+ACI-+ACQ-0.00+ACI-,+ACI-+ACQ-0.00+ACI-,+ACI-+ACQ-0.00+ACI-,+ACI-+ACQ-0.00+ACI-
+ACI-KERR+ACI-,+ACI-+ACQ-6,580.80+ACI-,+ACI-+ACQ-8,143.74+ACI-,+ACI-+ACQ-6,087.24+ACI-,+ACI-+ACQ-4,483.17+ACI-,+ACI-+ACQ-3,866.22+ACI-,+ACI-+ACQ-7,403.40+ACI-,+ACI-+ACQ-8,143.74+ACI-,+ACI-+ACQ-8,596.17+ACI-,+ACI-+ACQ-6,992.10+ACI-,+ACI-+ACQ-8,431.65+ACI-,+ACI-+ACQ-7,238.88+ACI-,+ACI-+ACQ-4,524.30+ACI-
+ACI-KIMBLE+ACI-,+ACI-+ACQ-1,302.00+ACI-,+ACI-+ACQ-1,302.00+ACI-,+ACI-+ACQ-1,218.00+ACI-,+ACI-+ACQ-1,302.00+ACI-,+ACI-+ACQ-714.00+ACI-,+ACI-+ACQ-0.00+ACI-,+ACI-+ACQ-0.00+ACI-,+ACI-+ACQ-0.00+ACI-,+ACI-+ACQ-0.00+ACI-,+ACI-+ACQ-0.00+ACI-,+ACI-+ACQ-0.00+ACI-,+ACI-+ACQ-105.00+ACI-
+ACI-KING+ACI-,+ACI-+ACQ-0.00+ACI-,+ACI-+ACQ-0.00+ACI-,+ACI-+ACQ-0.00+ACI-,+ACI-+ACQ-0.00+ACI-,+ACI-+ACQ-0.00+ACI-,+ACI-+ACQ-0.00+ACI-,+ACI-+ACQ-0.00+ACI-,+ACI-+ACQ-0.00+ACI-,+ACI-+ACQ-0.00+ACI-,+ACI-+ACQ-0.00+ACI-,+ACI-+ACQ-0.00+ACI-,+ACI-+ACQ-0.00+ACI-
+ACI-KINNEY+ACI-,+ACI-+ACQ-6,586.56+ACI-,+ACI-+ACQ-6,975.00+ACI-,+ACI-+ACQ-6,525.00+ACI-,+ACI-+ACQ-0.00+ACI-,+ACI-+ACQ-2,700.00+ACI-,+ACI-+ACQ-1,530.00+ACI-,+ACI-+ACQ-0.00+ACI-,+ACI-+ACQ-1,194.44+ACI-,+ACI-+ACQ-0.00+ACI-,+ACI-+ACQ-0.00+ACI-,+ACI-+ACQ-0.00+ACI-,+ACI-+ACQ-0.00+ACI-
+ACI-KLEBERG+ACI-,+ACI-+ACQ-10,725.36+ACI-,+ACI-+ACQ-9,924.96+ACI-,+ACI-+ACQ-6,803.40+ACI-,+ACI-+ACQ-6,723.36+ACI-,+ACI-+ACQ-7,483.74+ACI-,+ACI-+ACQ-10,125.06+ACI-,+ACI-+ACQ-6,683.34+ACI-,+ACI-+ACQ-3,761.88+ACI-,+ACI-+ACQ-2,681.34+ACI-,+ACI-+ACQ-3,721.86+ACI-,+ACI-+ACQ-6,243.12+ACI-,+ACI-+ACQ-7,043.52+ACI-
+ACI-KNOX+ACI-,+ACI-+ACQ-0.00+ACI-,+ACI-+ACQ-0.00+ACI-,+ACI-+ACQ-0.00+ACI-,+ACI-+ACQ-0.00+ACI-,+ACI-+ACQ-0.00+ACI-,+ACI-+ACQ-0.00+ACI-,+ACI-+ACQ-0.00+ACI-,+ACI-+ACQ-0.00+ACI-,+ACI-+ACQ-0.00+ACI-,+ACI-+ACQ-0.00+ACI-,+ACI-+ACQ-0.00+ACI-,+ACI-+ACQ-0.00+ACI-
+ACI-LA SALLE+ACI-,+ACI-+ACQ-0.00+ACI-,+ACI-+ACQ-0.00+ACI-,+ACI-+ACQ-0.00+ACI-,+ACI-+ACQ-1,015.00+ACI-,+ACI-+ACQ-2,240.00+ACI-,+ACI-+ACQ-0.00+ACI-,+ACI-+ACQ-0.00+ACI-,+ACI-+ACQ-0.00+ACI-,+ACI-+ACQ-0.00+ACI-,+ACI-+ACQ-0.00+ACI-,+ACI-+ACQ-0.00+ACI-,+ACI-+ACQ-0.00+ACI-
+ACI-LAMAR+ACI-,+ACI-+ACQ-2,428.84+ACI-,+ACI-+ACQ-1,836.44+ACI-,+ACI-+ACQ-1,629.10+ACI-,+ACI-+ACQ-1,510.62+ACI-,+ACI-+ACQ-592.40+ACI-,+ACI-+ACQ-888.60+ACI-,+ACI-+ACQ-148.10+ACI-,+ACI-+ACQ-0.00+ACI-,+ACI-+ACQ-888.60+ACI-,+ACI-+ACQ-2,280.74+ACI-,+ACI-+ACQ-1,332.90+ACI-,+ACI-+ACQ-2,932.38+ACI-
+ACI-LAMB+ACI-,+ACI-+ACQ-353.76+ACI-,+ACI-+ACQ-309.54+ACI-,+ACI-+ACQ-1,901.46+ACI-,+ACI-+ACQ-928.62+ACI-,+ACI-+ACQ-2,830.08+ACI-,+ACI-+ACQ-4,112.46+ACI-,+ACI-+ACQ-4,687.32+ACI-,+ACI-+ACQ-4,245.12+ACI-,+ACI-+ACQ-6,190.80+ACI-,+ACI-+ACQ-4,952.64+ACI-,+ACI-+ACQ-1,459.26+ACI-,+ACI-+ACQ-2,653.20+ACI-
+ACI-LAMPASAS+ACI-,+ACI-+ACQ-10,914.69+ACI-,+ACI-+ACQ-11,506.96+ACI-,+ACI-+ACQ-9,307.10+ACI-,+ACI-+ACQ-12,437.67+ACI-,+ACI-+ACQ-13,199.16+ACI-,+ACI-+ACQ-8,037.95+ACI-,+ACI-+ACQ-5,499.65+ACI-,+ACI-+ACQ-6,091.92+ACI-,+ACI-+ACQ-6,176.53+ACI-,+ACI-+ACQ-7,784.12+ACI-,+ACI-+ACQ-7,338.00+ACI-,+ACI-+ACQ-4,304.96+ACI-
+ACI-LAVACA+ACI-,+ACI-+ACQ-6,049.05+ACI-,+ACI-+ACQ-7,530.45+ACI-,+ACI-+ACQ-3,292.00+ACI-,+ACI-+ACQ-2,304.40+ACI-,+ACI-+ACQ-5,226.05+ACI-,+ACI-+ACQ-4,279.60+ACI-,+ACI-+ACQ-1,604.85+ACI-,+ACI-+ACQ-2,263.25+ACI-,+ACI-+ACQ-3,209.70+ACI-,+ACI-+ACQ-2,469.00+ACI-,+ACI-+ACQ-1,687.15+ACI-,+ACI-+ACQ-1,563.70+ACI-
+ACI-LEE+ACI-,+ACI-+ACQ-5,314.05+ACI-,+ACI-+ACQ-5,458.65+ACI-,+ACI-+ACQ-4,771.80+ACI-,+ACI-+ACQ-5,812.91+ACI-,+ACI-+ACQ-5,024.85+ACI-,+ACI-+ACQ-1,265.25+ACI-,+ACI-+ACQ-2,747.40+ACI-,+ACI-+ACQ-6,253.95+ACI-,+ACI-+ACQ-5,928.60+ACI-,+ACI-+ACQ-4,193.40+ACI-,+ACI-+ACQ-3,868.05+ACI-,+ACI-+ACQ-2,422.05+ACI-
+ACI-LEON+ACI-,+ACI-+ACQ-1,673.60+ACI-,+ACI-+ACQ-251.04+ACI-,+ACI-+ACQ-0.00+ACI-,+ACI-+ACQ-0.00+ACI-,+ACI-+ACQ-0.00+ACI-,+ACI-+ACQ-41.84+ACI-,+ACI-+ACQ-0.00+ACI-,+ACI-+ACQ-0.00+ACI-,+ACI-+ACQ-251.04+ACI-,+ACI-+ACQ-0.00+ACI-,+ACI-+ACQ-0.00+ACI-,+ACI-+ACQ-0.00+ACI-
+ACI-LIBERTY (P)+ACI-,+ACI-+ACQ-7,300.50+ACI-,+ACI-+ACQ-7,672.50+ACI-,+ACI-+ACQ-10,834.50+ACI-,+ACI-+ACQ-9,532.50+ACI-,+ACI-+ACQ-7,207.50+ACI-,+ACI-+ACQ-0.00+ACI-,+ACI-+ACQ-0.00+ACI-,+ACI-+ACQ-0.00+ACI-,+ACI-+ACQ-0.00+ACI-,+ACI-+ACQ-0.00+ACI-,+ACI-+ACQ-0.00+ACI-,+ACI-+ACQ-0.00+ACI-
+ACI-LIMESTONE+ACI-,+ACI-+ACQ-15,162.00+ACI-,+ACI-+ACQ-16,716.00+ACI-,+ACI-+ACQ-13,020.00+ACI-,+ACI-+ACQ-14,322.00+ACI-,+ACI-+ACQ-10,458.00+ACI-,+ACI-+ACQ-10,710.00+ACI-,+ACI-+ACQ-9,492.00+ACI-,+ACI-+ACQ-5,922.00+ACI-,+ACI-+ACQ-9,366.00+ACI-,+ACI-+ACQ-6,762.00+ACI-,+ACI-+ACQ-4,662.00+ACI-,+ACI-+ACQ-3,192.00+ACI-
+ACI-LIPSCOMB+ACI-,+ACI-+ACQ-0.00+ACI-,+ACI-+ACQ-0.00+ACI-,+ACI-+ACQ-0.00+ACI-,+ACI-+ACQ-0.00+ACI-,+ACI-+ACQ-0.00+ACI-,+ACI-+ACQ-0.00+ACI-,+ACI-+ACQ-351.92+ACI-,+ACI-+ACQ-0.00+ACI-,+ACI-+ACQ-0.00+ACI-,+ACI-+ACQ-0.00+ACI-,+ACI-+ACQ-0.00+ACI-,+ACI-+ACQ-0.00+ACI-
+ACI-LIVE OAK+ACI-,+ACI-+ACQ-0.00+ACI-,+ACI-+ACQ-0.00+ACI-,+ACI-+ACQ-0.00+ACI-,+ACI-+ACQ-0.00+ACI-,+ACI-+ACQ-0.00+ACI-,+ACI-+ACQ-0.00+ACI-,+ACI-+ACQ-0.00+ACI-,+ACI-+ACQ-0.00+ACI-,+ACI-+ACQ-0.00+ACI-,+ACI-+ACQ-0.00+ACI-,+ACI-+ACQ-0.00+ACI-,+ACI-+ACQ-0.00+ACI-
+ACI-LLANO+ACI-,+ACI-+ACQ-683.24+ACI-,+ACI-+ACQ-683.24+ACI-,+ACI-+ACQ-639.16+ACI-,+ACI-+ACQ-44.08+ACI-,+ACI-+ACQ-0.00+ACI-,+ACI-+ACQ-0.00+ACI-,+ACI-+ACQ-0.00+ACI-,+ACI-+ACQ-0.00+ACI-,+ACI-+ACQ-0.00+ACI-,+ACI-+ACQ-0.00+ACI-,+ACI-+ACQ-0.00+ACI-,+ACI-+ACQ-0.00+ACI-
+ACI-LOVING+ACI-,+ACI-+ACQ-0.00+ACI-,+ACI-+ACQ-0.00+ACI-,+ACI-+ACQ-0.00+ACI-,+ACI-+ACQ-0.00+ACI-,+ACI-+ACQ-0.00+ACI-,+ACI-+ACQ-0.00+ACI-,+ACI-+ACQ-0.00+ACI-,+ACI-+ACQ-0.00+ACI-,+ACI-+ACQ-0.00+ACI-,+ACI-+ACQ-0.00+ACI-,+ACI-+ACQ-0.00+ACI-,+ACI-+ACQ-0.00+ACI-
+ACI-LUBBOCK+ACI-,+ACI-+ACQ-50,764.80+ACI-,+ACI-+ACQ-47,486.24+ACI-,+ACI-+ACQ-38,443.76+ACI-,+ACI-+ACQ-37,544.80+ACI-,+ACI-+ACQ-44,366.32+ACI-,+ACI-+ACQ-49,865.84+ACI-,+ACI-+ACQ-50,870.56+ACI-,+ACI-+ACQ-37,809.20+ACI-,+ACI-+ACQ-31,463.60+ACI-,+ACI-+ACQ-31,304.96+ACI-,+ACI-+ACQ-28,237.92+ACI-,+ACI-+ACQ-28,026.40+ACI-
+ACI-LYNN+ACI-,+ACI-+ACQ-390.00+ACI-,+ACI-+ACQ-930.00+ACI-,+ACI-+ACQ-870.00+ACI-,+ACI-+ACQ-930.00+ACI-,+ACI-+ACQ-720.00+ACI-,+ACI-+ACQ-0.00+ACI-,+ACI-+ACQ-0.00+ACI-,+ACI-+ACQ-0.00+ACI-,+ACI-+ACQ-0.00+ACI-,+ACI-+ACQ-0.00+ACI-,+ACI-+ACQ-0.00+ACI-,+ACI-+ACQ-0.00+ACI-
+ACI-MADISON+ACI-,+ACI-+ACQ-2,146.44+ACI-,+ACI-+ACQ-1,258.08+ACI-,+ACI-+ACQ-760.09+ACI-,+ACI-+ACQ-760.09+ACI-,+ACI-+ACQ-1,572.60+ACI-,+ACI-+ACQ-733.88+ACI-,+ACI-+ACQ-0.00+ACI-,+ACI-+ACQ-0.00+ACI-,+ACI-+ACQ-0.00+ACI-,+ACI-+ACQ-0.00+ACI-,+ACI-+ACQ-952.94+ACI-,+ACI-+ACQ-922.20+ACI-
+ACI-MARION+ACI-,+ACI-+ACQ-0.00+ACI-,+ACI-+ACQ-0.00+ACI-,+ACI-+ACQ-0.00+ACI-,+ACI-+ACQ-0.00+ACI-,+ACI-+ACQ-0.00+ACI-,+ACI-+ACQ-0.00+ACI-,+ACI-+ACQ-0.00+ACI-,+ACI-+ACQ-0.00+ACI-,+ACI-+ACQ-0.00+ACI-,+ACI-+ACQ-0.00+ACI-,+ACI-+ACQ-0.00+ACI-,+ACI-+ACQ-0.00+ACI-
+ACI-MARTIN+ACI-,+ACI-+ACQ-0.00+ACI-,+ACI-+ACQ-0.00+ACI-,+ACI-+ACQ-0.00+ACI-,+ACI-+ACQ-0.00+ACI-,+ACI-+ACQ-0.00+ACI-,+ACI-+ACQ-0.00+ACI-,+ACI-+ACQ-0.00+ACI-,+ACI-+ACQ-0.00+ACI-,+ACI-+ACQ-0.00+ACI-,+ACI-+ACQ-0.00+ACI-,+ACI-+ACQ-0.00+ACI-,+ACI-+ACQ-0.00+ACI-
+ACI-MASON+ACI-,+ACI-+ACQ-0.00+ACI-,+ACI-+ACQ-0.00+ACI-,+ACI-+ACQ-774.18+ACI-,+ACI-+ACQ-0.00+ACI-,+ACI-+ACQ-0.00+ACI-,+ACI-+ACQ-0.00+ACI-,+ACI-+ACQ-0.00+ACI-,+ACI-+ACQ-2,193.51+ACI-,+ACI-+ACQ-0.00+ACI-,+ACI-+ACQ-129.03+ACI-,+ACI-+ACQ-0.00+ACI-,+ACI-+ACQ-0.00+ACI-
+ACI-MATAGORDA+ACI-,+ACI-+ACQ-6,071.66+ACI-,+ACI-+ACQ-6,351.46+ACI-,+ACI-+ACQ-5,623.98+ACI-,+ACI-+ACQ-6,547.32+ACI-,+ACI-+ACQ-8,673.80+ACI-,+ACI-+ACQ-6,351.46+ACI-,+ACI-+ACQ-4,560.74+ACI-,+ACI-+ACQ-4,336.90+ACI-,+ACI-+ACQ-5,204.28+ACI-,+ACI-+ACQ-5,008.42+ACI-,+ACI-+ACQ-7,946.32+ACI-,+ACI-+ACQ-6,715.20+ACI-
+ACI-MAVERICK+ACI-,+ACI-+ACQ-0.00+ACI-,+ACI-+ACQ-0.00+ACI-,+ACI-+ACQ-0.00+ACI-,+ACI-+ACQ-0.00+ACI-,+ACI-+ACQ-0.00+ACI-,+ACI-+ACQ-0.00+ACI-,+ACI-+ACQ-0.00+ACI-,+ACI-+ACQ-0.00+ACI-,+ACI-+ACQ-0.00+ACI-,+ACI-+ACQ-0.00+ACI-,+ACI-+ACQ-0.00+ACI-,+ACI-+ACQ-0.00+ACI-
+ACI-MCCULLOCH+ACI-,+ACI-+ACQ-0.00+ACI-,+ACI-+ACQ-0.00+ACI-,+ACI-+ACQ-0.00+ACI-,+ACI-+ACQ-168.00+ACI-,+ACI-+ACQ-0.00+ACI-,+ACI-+ACQ-1,512.00+ACI-,+ACI-+ACQ-1,596.00+ACI-,+ACI-+ACQ-1,302.00+ACI-,+ACI-+ACQ-1,302.00+ACI-,+ACI-+ACQ-462.00+ACI-,+ACI-+ACQ-0.00+ACI-,+ACI-+ACQ-0.00+ACI-
+ACI-MCLENNAN+ACI-,+ACI-+ACQ-102,845.76+ACI-,+ACI-+ACQ-89,018.56+ACI-,+ACI-+ACQ-76,955.52+ACI-,+ACI-+ACQ-84,822.72+ACI-,+ACI-+ACQ-82,343.36+ACI-,+ACI-+ACQ-99,508.16+ACI-,+ACI-+ACQ-104,371.52+ACI-,+ACI-+ACQ-121,011.84+ACI-,+ACI-+ACQ-121,727.04+ACI-,+ACI-+ACQ-122,060.80+ACI-,+ACI-+ACQ-111,093.30+ACI-,+ACI-+ACQ-109,276.68+ACI-
+ACI-MCMULLEN+ACI-,+ACI-+ACQ-0.00+ACI-,+ACI-+ACQ-765.00+ACI-,+ACI-+ACQ-0.00+ACI-,+ACI-+ACQ-0.00+ACI-,+ACI-+ACQ-270.00+ACI-,+ACI-+ACQ-1,395.00+ACI-,+ACI-+ACQ-1,350.00+ACI-,+ACI-+ACQ-1,395.00+ACI-,+ACI-+ACQ-1,395.00+ACI-,+ACI-+ACQ-1,350.00+ACI-,+ACI-+ACQ-1,980.00+ACI-,+ACI-+ACQ-2,700.00+ACI-
+ACI-MEDINA+ACI-,+ACI-+ACQ-11,179.20+ACI-,+ACI-+ACQ-12,384.80+ACI-,+ACI-+ACQ-12,056.00+ACI-,+ACI-+ACQ-8,713.20+ACI-,+ACI-+ACQ-7,014.40+ACI-,+ACI-+ACQ-8,548.80+ACI-,+ACI-+ACQ-6,685.60+ACI-,+ACI-+ACQ-8,220.00+ACI-,+ACI-+ACQ-10,028.40+ACI-,+ACI-+ACQ-8,822.80+ACI-,+ACI-+ACQ-7,452.80+ACI-,+ACI-+ACQ-8,269.69+ACI-
+ACI-MENARD+ACI-,+ACI-+ACQ-0.00+ACI-,+ACI-+ACQ-0.00+ACI-,+ACI-+ACQ-0.00+ACI-,+ACI-+ACQ-0.00+ACI-,+ACI-+ACQ-0.00+ACI-,+ACI-+ACQ-0.00+ACI-,+ACI-+ACQ-0.00+ACI-,+ACI-+ACQ-0.00+ACI-,+ACI-+ACQ-0.00+ACI-,+ACI-+ACQ-0.00+ACI-,+ACI-+ACQ-0.00+ACI-,+ACI-+ACQ-0.00+ACI-
+ACI-MIDLAND+ACI-,+ACI-+ACQ-23,483.25+ACI-,+ACI-+ACQ-22,543.92+ACI-,+ACI-+ACQ-18,786.60+ACI-,+ACI-+ACQ-16,460.64+ACI-,+ACI-+ACQ-11,987.64+ACI-,+ACI-+ACQ-15,521.31+ACI-,+ACI-+ACQ-18,384.03+ACI-,+ACI-+ACQ-24,288.39+ACI-,+ACI-+ACQ-18,831.33+ACI-,+ACI-+ACQ-16,907.94+ACI-,+ACI-+ACQ-15,922.90+ACI-,+ACI-+ACQ-12,560.30+ACI-
+ACI-MILAM+ACI-,+ACI-+ACQ-7,285.00+ACI-,+ACI-+ACQ-6,345.00+ACI-,+ACI-+ACQ-8,883.00+ACI-,+ACI-+ACQ-7,567.00+ACI-,+ACI-+ACQ-8,225.00+ACI-,+ACI-+ACQ-6,392.00+ACI-,+ACI-+ACQ-5,781.00+ACI-,+ACI-+ACQ-3,243.00+ACI-,+ACI-+ACQ-2,115.00+ACI-,+ACI-+ACQ-1,410.00+ACI-,+ACI-+ACQ-1,786.00+ACI-,+ACI-+ACQ-2,914.00+ACI-
+ACI-MILLS+ACI-,+ACI-+ACQ-0.00+ACI-,+ACI-+ACQ-0.00+ACI-,+ACI-+ACQ-297.87+ACI-,+ACI-+ACQ-496.45+ACI-,+ACI-+ACQ-0.00+ACI-,+ACI-+ACQ-0.00+ACI-,+ACI-+ACQ-0.00+ACI-,+ACI-+ACQ-198.58+ACI-,+ACI-+ACQ-0.00+ACI-,+ACI-+ACQ-0.00+ACI-,+ACI-+ACQ-0.00+ACI-,+ACI-+ACQ-0.00+ACI-
+ACI-MITCHELL+ACI-,+ACI-+ACQ-0.00+ACI-,+ACI-+ACQ-0.00+ACI-,+ACI-+ACQ-0.00+ACI-,+ACI-+ACQ-0.00+ACI-,+ACI-+ACQ-0.00+ACI-,+ACI-+ACQ-0.00+ACI-,+ACI-+ACQ-0.00+ACI-,+ACI-+ACQ-296.00+ACI-,+ACI-+ACQ-0.00+ACI-,+ACI-+ACQ-444.00+ACI-,+ACI-+ACQ-2,294.00+ACI-,+ACI-+ACQ-1,110.00+ACI-
+ACI-MONTAGUE+ACI-,+ACI-+ACQ-0.00+ACI-,+ACI-+ACQ-0.00+ACI-,+ACI-+ACQ-0.00+ACI-,+ACI-+ACQ-0.00+ACI-,+ACI-+ACQ-0.00+ACI-,+ACI-+ACQ-0.00+ACI-,+ACI-+ACQ-0.00+ACI-,+ACI-+ACQ-0.00+ACI-,+ACI-+ACQ-0.00+ACI-,+ACI-+ACQ-0.00+ACI-,+ACI-+ACQ-0.00+ACI-,+ACI-+ACQ-0.00+ACI-
+ACI-MONTGOMERY+ACI-,+ACI-+ACQ-75,891.20+ACI-,+ACI-+ACQ-78,004.08+ACI-,+ACI-+ACQ-63,386.40+ACI-,+ACI-+ACQ-64,636.88+ACI-,+ACI-+ACQ-49,976.08+ACI-,+ACI-+ACQ-57,047.76+ACI-,+ACI-+ACQ-55,107.36+ACI-,+ACI-+ACQ-50,795.36+ACI-,+ACI-+ACQ-45,707.20+ACI-,+ACI-+ACQ-40,187.84+ACI-,+ACI-+ACQ-54,676.16+ACI-,+ACI-+ACQ-50,967.84+ACI-
+ACI-MOORE+ACI-,+ACI-+ACQ-45,976.70+ACI-,+ACI-+ACQ-32,652.84+ACI-,+ACI-+ACQ-30,870.07+ACI-,+ACI-+ACQ-42,129.67+ACI-,+ACI-+ACQ-40,159.24+ACI-,+ACI-+ACQ-33,439.08+ACI-,+ACI-+ACQ-33,345.15+ACI-,+ACI-+ACQ-31,278.69+ACI-,+ACI-+ACQ-37,572.00+ACI-,+ACI-+ACQ-33,908.73+ACI-,+ACI-+ACQ-25,548.96+ACI-,+ACI-+ACQ-24,327.87+ACI-
+ACI-MORRIS+ACI-,+ACI-+ACQ-0.00+ACI-,+ACI-+ACQ-0.00+ACI-,+ACI-+ACQ-0.00+ACI-,+ACI-+ACQ-0.00+ACI-,+ACI-+ACQ-0.00+ACI-,+ACI-+ACQ-0.00+ACI-,+ACI-+ACQ-0.00+ACI-,+ACI-+ACQ-30.00+ACI-,+ACI-+ACQ-390.00+ACI-,+ACI-+ACQ-0.00+ACI-,+ACI-+ACQ-0.00+ACI-,+ACI-+ACQ-0.00+ACI-
+ACI-MOTLEY+ACI-,+ACI-+ACQ-0.00+ACI-,+ACI-+ACQ-0.00+ACI-,+ACI-+ACQ-0.00+ACI-,+ACI-+ACQ-0.00+ACI-,+ACI-+ACQ-0.00+ACI-,+ACI-+ACQ-0.00+ACI-,+ACI-+ACQ-0.00+ACI-,+ACI-+ACQ-0.00+ACI-,+ACI-+ACQ-0.00+ACI-,+ACI-+ACQ-0.00+ACI-,+ACI-+ACQ-0.00+ACI-,+ACI-+ACQ-0.00+ACI-
+ACI-NACOGDOCHES+ACI-,+ACI-+ACQ-17,223.60+ACI-,+ACI-+ACQ-22,878.00+ACI-,+ACI-+ACQ-21,129.60+ACI-,+ACI-+ACQ-15,624.00+ACI-,+ACI-+ACQ-12,090.00+ACI-,+ACI-+ACQ-16,219.20+ACI-,+ACI-+ACQ-10,118.40+ACI-,+ACI-+ACQ-8,742.00+ACI-,+ACI-+ACQ-14,173.20+ACI-,+ACI-+ACQ-10,726.00+ACI-,+ACI-+ACQ-10,974.00+ACI-,+ACI-+ACQ-10,013.00+ACI-
+ACI-NAVARRO+ACI-,+ACI-+ACQ-6,493.20+ACI-,+ACI-+ACQ-6,817.86+ACI-,+ACI-+ACQ-5,936.64+ACI-,+ACI-+ACQ-9,183.24+ACI-,+ACI-+ACQ-9,090.48+ACI-,+ACI-+ACQ-16,325.76+ACI-,+ACI-+ACQ-12,940.02+ACI-,+ACI-+ACQ-13,311.06+ACI-,+ACI-+ACQ-12,012.42+ACI-,+ACI-+ACQ-16,140.24+ACI-,+ACI-+ACQ-13,635.72+ACI-,+ACI-+ACQ-20,917.38+ACI-
+ACI-NEWTON+ACI-,+ACI-+ACQ-162.80+ACI-,+ACI-+ACQ-0.00+ACI-,+ACI-+ACQ-0.00+ACI-,+ACI-+ACQ-0.00+ACI-,+ACI-+ACQ-0.00+ACI-,+ACI-+ACQ-0.00+ACI-,+ACI-+ACQ-0.00+ACI-,+ACI-+ACQ-0.00+ACI-,+ACI-+ACQ-0.00+ACI-,+ACI-+ACQ-0.00+ACI-,+ACI-+ACQ-0.00+ACI-,+ACI-+ACQ-0.00+ACI-
+ACI-NOLAN+ACI-,+ACI-+ACQ-1,408.00+ACI-,+ACI-+ACQ-1,540.00+ACI-,+ACI-+ACQ-2,640.00+ACI-,+ACI-+ACQ-572.00+ACI-,+ACI-+ACQ-132.00+ACI-,+ACI-+ACQ-132.00+ACI-,+ACI-+ACQ-528.00+ACI-,+ACI-+ACQ-176.00+ACI-,+ACI-+ACQ-0.00+ACI-,+ACI-+ACQ-484.00+ACI-,+ACI-+ACQ-0.00+ACI-,+ACI-+ACQ-2,464.00+ACI-
+ACI-NUECES+ACI-,+ACI-+ACQ-0.00+ACI-,+ACI-+ACQ-0.00+ACI-,+ACI-+ACQ-577.26+ACI-,+ACI-+ACQ-0.00+ACI-,+ACI-+ACQ-0.00+ACI-,+ACI-+ACQ-0.00+ACI-,+ACI-+ACQ-0.00+ACI-,+ACI-+ACQ-0.00+ACI-,+ACI-+ACQ-0.00+ACI-,+ACI-+ACQ-256.56+ACI-,+ACI-+ACQ-0.00+ACI-,+ACI-+ACQ-0.00+ACI-
+ACI-OCHILTREE+ACI-,+ACI-+ACQ-7,000.70+ACI-,+ACI-+ACQ-5,849.90+ACI-,+ACI-+ACQ-12,371.10+ACI-,+ACI-+ACQ-11,603.25+ACI-,+ACI-+ACQ-12,371.10+ACI-,+ACI-+ACQ-15,439.90+ACI-,+ACI-+ACQ-13,234.20+ACI-,+ACI-+ACQ-12,850.60+ACI-,+ACI-+ACQ-14,912.45+ACI-,+ACI-+ACQ-16,015.30+ACI-,+ACI-+ACQ-16,796.64+ACI-,+ACI-+ACQ-0.00+ACI-
+ACI-OLDHAM+ACI-,+ACI-+ACQ-718.92+ACI-,+ACI-+ACQ-0.00+ACI-,+ACI-+ACQ-0.00+ACI-,+ACI-+ACQ-357.66+ACI-,+ACI-+ACQ-0.00+ACI-,+ACI-+ACQ-179.73+ACI-,+ACI-+ACQ-0.00+ACI-,+ACI-+ACQ-0.00+ACI-,+ACI-+ACQ-0.00+ACI-,+ACI-+ACQ-0.00+ACI-,+ACI-+ACQ-0.00+ACI-,+ACI-+ACQ-1,258.11+ACI-
+ACI-ORANGE+ACI-,+ACI-+ACQ-0.00+ACI-,+ACI-+ACQ-0.00+ACI-,+ACI-+ACQ-679.50+ACI-,+ACI-+ACQ-0.00+ACI-,+ACI-+ACQ-490.75+ACI-,+ACI-+ACQ-10,532.25+ACI-,+ACI-+ACQ-981.50+ACI-,+ACI-+ACQ-1,547.75+ACI-,+ACI-+ACQ-1,623.25+ACI-,+ACI-+ACQ-1,132.50+ACI-,+ACI-+ACQ-1,170.25+ACI-,+ACI-+ACQ-1,170.25+ACI-
+ACI-PALO PINTO+ACI-,+ACI-+ACQ-2,215.04+ACI-,+ACI-+ACQ-2,457.31+ACI-,+ACI-+ACQ-1,695.89+ACI-,+ACI-+ACQ-1,834.33+ACI-,+ACI-+ACQ-553.76+ACI-,+ACI-+ACQ-0.00+ACI-,+ACI-+ACQ-0.00+ACI-,+ACI-+ACQ-0.00+ACI-,+ACI-+ACQ-0.00+ACI-,+ACI-+ACQ-0.00+ACI-,+ACI-+ACQ-0.00+ACI-,+ACI-+ACQ-0.00+ACI-
+ACI-PANOLA+ACI-,+ACI-+ACQ-2,622.00+ACI-,+ACI-+ACQ-3,404.00+ACI-,+ACI-+ACQ-1,932.00+ACI-,+ACI-+ACQ-1,656.00+ACI-,+ACI-+ACQ-230.00+ACI-,+ACI-+ACQ-1,564.00+ACI-,+ACI-+ACQ-2,760.00+ACI-,+ACI-+ACQ-4,600.00+ACI-,+ACI-+ACQ-7,728.00+ACI-,+ACI-+ACQ-5,934.00+ACI-,+ACI-+ACQ-1,702.00+ACI-,+ACI-+ACQ-2,346.00+ACI-
+ACI-PARKER+ACI-,+ACI-+ACQ-2,960.10+ACI-,+ACI-+ACQ-6,048.90+ACI-,+ACI-+ACQ-6,563.70+ACI-,+ACI-+ACQ-9,995.70+ACI-,+ACI-+ACQ-8,279.70+ACI-,+ACI-+ACQ-10,467.60+ACI-,+ACI-+ACQ-6,735.30+ACI-,+ACI-+ACQ-13,084.50+ACI-,+ACI-+ACQ-11,368.50+ACI-,+ACI-+ACQ-9,609.60+ACI-,+ACI-+ACQ-4,697.30+ACI-,+ACI-+ACQ-4,038.80+ACI-
+ACI-PARMER+ACI-,+ACI-+ACQ-7,582.62+ACI-,+ACI-+ACQ-5,231.42+ACI-,+ACI-+ACQ-7,347.50+ACI-,+ACI-+ACQ-12,549.53+ACI-,+ACI-+ACQ-8,787.61+ACI-,+ACI-+ACQ-9,199.07+ACI-,+ACI-+ACQ-6,436.41+ACI-,+ACI-+ACQ-6,818.48+ACI-,+ACI-+ACQ-6,789.09+ACI-,+ACI-+ACQ-6,994.82+ACI-,+ACI-+ACQ-8,905.17+ACI-,+ACI-+ACQ-5,966.17+ACI-
+ACI-PECOS+ACI-,+ACI-+ACQ-1,240.00+ACI-,+ACI-+ACQ-1,280.00+ACI-,+ACI-+ACQ-3,080.00+ACI-,+ACI-+ACQ-3,720.00+ACI-,+ACI-+ACQ-4,560.00+ACI-,+ACI-+ACQ-3,080.00+ACI-,+ACI-+ACQ-800.00+ACI-,+ACI-+ACQ-0.00+ACI-,+ACI-+ACQ-1,240.00+ACI-,+ACI-+ACQ-1,200.00+ACI-,+ACI-+ACQ-800.00+ACI-,+ACI-+ACQ-1,200.00+ACI-
+ACI-POLK+ACI-,+ACI-+ACQ-0.00+ACI-,+ACI-+ACQ-938.22+ACI-,+ACI-+ACQ-484.01+ACI-,+ACI-+ACQ-316.92+ACI-,+ACI-+ACQ-0.00+ACI-,+ACI-+ACQ-0.00+ACI-,+ACI-+ACQ-683.88+ACI-,+ACI-+ACQ-783.96+ACI-,+ACI-+ACQ-246.90+ACI-,+ACI-+ACQ-493.80+ACI-,+ACI-+ACQ-1,185.12+ACI-,+ACI-+ACQ-954.68+ACI-
+ACI-POTTER+ACI-,+ACI-+ACQ-33,913.80+ACI-,+ACI-+ACQ-33,195.96+ACI-,+ACI-+ACQ-40,836.30+ACI-,+ACI-+ACQ-46,851.97+ACI-,+ACI-+ACQ-44,963.84+ACI-,+ACI-+ACQ-50,672.14+ACI-,+ACI-+ACQ-46,368.96+ACI-,+ACI-+ACQ-42,021.87+ACI-,+ACI-+ACQ-35,698.83+ACI-,+ACI-+ACQ-35,479.28+ACI-,+ACI-+ACQ-38,026.06+ACI-,+ACI-+ACQ-41,407.13+ACI-
+ACI-PRESIDIO+ACI-,+ACI-+ACQ-0.00+ACI-,+ACI-+ACQ-0.00+ACI-,+ACI-+ACQ-0.00+ACI-,+ACI-+ACQ-0.00+ACI-,+ACI-+ACQ-1,230.00+ACI-,+ACI-+ACQ-0.00+ACI-,+ACI-+ACQ-533.00+ACI-,+ACI-+ACQ-1,271.00+ACI-,+ACI-+ACQ-1,271.00+ACI-,+ACI-+ACQ-1,230.00+ACI-,+ACI-+ACQ-0.00+ACI-,+ACI-+ACQ-1,230.00+ACI-
+ACI-RAINS+ACI-,+ACI-+ACQ-0.00+ACI-,+ACI-+ACQ-0.00+ACI-,+ACI-+ACQ-0.00+ACI-,+ACI-+ACQ-0.00+ACI-,+ACI-+ACQ-0.00+ACI-,+ACI-+ACQ-0.00+ACI-,+ACI-+ACQ-0.00+ACI-,+ACI-+ACQ-0.00+ACI-,+ACI-+ACQ-0.00+ACI-,+ACI-+ACQ-0.00+ACI-,+ACI-+ACQ-0.00+ACI-,+ACI-+ACQ-0.00+ACI-
+ACI-RANDALL+ACI-,+ACI-+ACQ-0.00+ACI-,+ACI-+ACQ-0.00+ACI-,+ACI-+ACQ-0.00+ACI-,+ACI-+ACQ-0.00+ACI-,+ACI-+ACQ-0.00+ACI-,+ACI-+ACQ-0.00+ACI-,+ACI-+ACQ-0.00+ACI-,+ACI-+ACQ-0.00+ACI-,+ACI-+ACQ-0.00+ACI-,+ACI-+ACQ-0.00+ACI-,+ACI-+ACQ-0.00+ACI-,+ACI-+ACQ-0.00+ACI-
+ACI-REAGAN+ACI-,+ACI-+ACQ-73.34+ACI-,+ACI-+ACQ-1,393.46+ACI-,+ACI-+ACQ-1,723.49+ACI-,+ACI-+ACQ-1,503.47+ACI-,+ACI-+ACQ-1,173.44+ACI-,+ACI-+ACQ-1,430.13+ACI-,+ACI-+ACQ-2,383.55+ACI-,+ACI-+ACQ-2,970.27+ACI-,+ACI-+ACQ-3,336.97+ACI-,+ACI-+ACQ-2,126.86+ACI-,+ACI-+ACQ-2,823.59+ACI-,+ACI-+ACQ-2,273.54+ACI-
+ACI-REAL+ACI-,+ACI-+ACQ-0.00+ACI-,+ACI-+ACQ-0.00+ACI-,+ACI-+ACQ-0.00+ACI-,+ACI-+ACQ-0.00+ACI-,+ACI-+ACQ-0.00+ACI-,+ACI-+ACQ-0.00+ACI-,+ACI-+ACQ-0.00+ACI-,+ACI-+ACQ-0.00+ACI-,+ACI-+ACQ-0.00+ACI-,+ACI-+ACQ-0.00+ACI-,+ACI-+ACQ-0.00+ACI-,+ACI-+ACQ-0.00+ACI-
+ACI-RED RIVER+ACI-,+ACI-+ACQ-696.87+ACI-,+ACI-+ACQ-432.54+ACI-,+ACI-+ACQ-240.30+ACI-,+ACI-+ACQ-744.93+ACI-,+ACI-+ACQ-720.90+ACI-,+ACI-+ACQ-0.00+ACI-,+ACI-+ACQ-0.00+ACI-,+ACI-+ACQ-0.00+ACI-,+ACI-+ACQ-0.00+ACI-,+ACI-+ACQ-0.00+ACI-,+ACI-+ACQ-0.00+ACI-,+ACI-+ACQ-0.00+ACI-
+ACI-REEVES+ACI-,+ACI-+ACQ-2,082.64+ACI-,+ACI-+ACQ-1,785.12+ACI-,+ACI-+ACQ-3,756.19+ACI-,+ACI-+ACQ-2,342.97+ACI-,+ACI-+ACQ-2,566.11+ACI-,+ACI-+ACQ-2,789.25+ACI-,+ACI-+ACQ-1,376.03+ACI-,+ACI-+ACQ-1,636.36+ACI-,+ACI-+ACQ-1,152.89+ACI-,+ACI-+ACQ-1,673.55+ACI-,+ACI-+ACQ-1,859.50+ACI-,+ACI-+ACQ-2,677.68+ACI-
+ACI-REFUGIO+ACI-,+ACI-+ACQ-2,526.03+ACI-,+ACI-+ACQ-544.83+ACI-,+ACI-+ACQ-0.00+ACI-,+ACI-+ACQ-0.00+ACI-,+ACI-+ACQ-198.12+ACI-,+ACI-+ACQ-198.12+ACI-,+ACI-+ACQ-0.00+ACI-,+ACI-+ACQ-0.00+ACI-,+ACI-+ACQ-0.00+ACI-,+ACI-+ACQ-0.00+ACI-,+ACI-+ACQ-0.00+ACI-,+ACI-+ACQ-0.00+ACI-
+ACI-ROBERTS+ACI-,+ACI-+ACQ-0.00+ACI-,+ACI-+ACQ-0.00+ACI-,+ACI-+ACQ-0.00+ACI-,+ACI-+ACQ-0.00+ACI-,+ACI-+ACQ-0.00+ACI-,+ACI-+ACQ-0.00+ACI-,+ACI-+ACQ-0.00+ACI-,+ACI-+ACQ-0.00+ACI-,+ACI-+ACQ-0.00+ACI-,+ACI-+ACQ-0.00+ACI-,+ACI-+ACQ-0.00+ACI-,+ACI-+ACQ-0.00+ACI-
+ACI-ROBERTSON+ACI-,+ACI-+ACQ-0.00+ACI-,+ACI-+ACQ-0.00+ACI-,+ACI-+ACQ-0.00+ACI-,+ACI-+ACQ-0.00+ACI-,+ACI-+ACQ-0.00+ACI-,+ACI-+ACQ-338.55+ACI-,+ACI-+ACQ-270.84+ACI-,+ACI-+ACQ-880.23+ACI-,+ACI-+ACQ-0.00+ACI-,+ACI-+ACQ-0.00+ACI-,+ACI-+ACQ-0.00+ACI-,+ACI-+ACQ-541.68+ACI-
+ACI-ROCKWALL+ACI-,+ACI-+ACQ-294.36+ACI-,+ACI-+ACQ-1,070.40+ACI-,+ACI-+ACQ-2,007.00+ACI-,+ACI-+ACQ-2,783.04+ACI-,+ACI-+ACQ-4,108.48+ACI-,+ACI-+ACQ-5,191.44+ACI-,+ACI-+ACQ-5,619.60+ACI-,+ACI-+ACQ-5,539.32+ACI-,+ACI-+ACQ-6,970.98+ACI-,+ACI-+ACQ-4,816.80+ACI-,+ACI-+ACQ-7,131.54+ACI-,+ACI-+ACQ-7,412.52+ACI-
+ACI-RUNNELS+ACI-,+ACI-+ACQ-0.00+ACI-,+ACI-+ACQ-0.00+ACI-,+ACI-+ACQ-0.00+ACI-,+ACI-+ACQ-0.00+ACI-,+ACI-+ACQ-0.00+ACI-,+ACI-+ACQ-0.00+ACI-,+ACI-+ACQ-0.00+ACI-,+ACI-+ACQ-0.00+ACI-,+ACI-+ACQ-0.00+ACI-,+ACI-+ACQ-0.00+ACI-,+ACI-+ACQ-0.00+ACI-,+ACI-+ACQ-0.00+ACI-
+ACI-RUSK+ACI-,+ACI-+ACQ-1,170.56+ACI-,+ACI-+ACQ-1,246.08+ACI-,+ACI-+ACQ-1,095.04+ACI-,+ACI-+ACQ-1,246.08+ACI-,+ACI-+ACQ-2,227.84+ACI-,+ACI-+ACQ-2,454.40+ACI-,+ACI-+ACQ-3,209.60+ACI-,+ACI-+ACQ-3,964.80+ACI-,+ACI-+ACQ-1,944.64+ACI-,+ACI-+ACQ-2,057.92+ACI-,+ACI-+ACQ-2,152.32+ACI-,+ACI-+ACQ-4,417.92+ACI-
+ACI-SABINE+ACI-,+ACI-+ACQ-0.00+ACI-,+ACI-+ACQ-0.00+ACI-,+ACI-+ACQ-0.00+ACI-,+ACI-+ACQ-0.00+ACI-,+ACI-+ACQ-170.00+ACI-,+ACI-+ACQ-0.00+ACI-,+ACI-+ACQ-0.00+ACI-,+ACI-+ACQ-0.00+ACI-,+ACI-+ACQ-0.00+ACI-,+ACI-+ACQ-0.00+ACI-,+ACI-+ACQ-0.00+ACI-,+ACI-+ACQ-0.00+ACI-
+ACI-SAN AUGUSTINE+ACI-,+ACI-+ACQ-0.00+ACI-,+ACI-+ACQ-0.00+ACI-,+ACI-+ACQ-0.00+ACI-,+ACI-+ACQ-0.00+ACI-,+ACI-+ACQ-0.00+ACI-,+ACI-+ACQ-0.00+ACI-,+ACI-+ACQ-0.00+ACI-,+ACI-+ACQ-0.00+ACI-,+ACI-+ACQ-0.00+ACI-,+ACI-+ACQ-0.00+ACI-,+ACI-+ACQ-0.00+ACI-,+ACI-+ACQ-0.00+ACI-
+ACI-SAN JACINTO+ACI-,+ACI-+ACQ-0.00+ACI-,+ACI-+ACQ-0.00+ACI-,+ACI-+ACQ-0.00+ACI-,+ACI-+ACQ-0.00+ACI-,+ACI-+ACQ-0.00+ACI-,+ACI-+ACQ-0.00+ACI-,+ACI-+ACQ-0.00+ACI-,+ACI-+ACQ-0.00+ACI-,+ACI-+ACQ-0.00+ACI-,+ACI-+ACQ-0.00+ACI-,+ACI-+ACQ-0.00+ACI-,+ACI-+ACQ-0.00+ACI-
+ACI-SAN PATRICIO+ACI-,+ACI-+ACQ-416.28+ACI-,+ACI-+ACQ-2,150.78+ACI-,+ACI-+ACQ-2,462.99+ACI-,+ACI-+ACQ-1,317.84+ACI-,+ACI-+ACQ-1,075.08+ACI-,+ACI-+ACQ-0.00+ACI-,+ACI-+ACQ-0.00+ACI-,+ACI-+ACQ-0.00+ACI-,+ACI-+ACQ-0.00+ACI-,+ACI-+ACQ-0.00+ACI-,+ACI-+ACQ-0.00+ACI-,+ACI-+ACQ-0.00+ACI-
+ACI-SAN SABA+ACI-,+ACI-+ACQ-0.00+ACI-,+ACI-+ACQ-1,854.60+ACI-,+ACI-+ACQ-502.12+ACI-,+ACI-+ACQ-627.65+ACI-,+ACI-+ACQ-0.00+ACI-,+ACI-+ACQ-0.00+ACI-,+ACI-+ACQ-0.00+ACI-,+ACI-+ACQ-0.00+ACI-,+ACI-+ACQ-0.00+ACI-,+ACI-+ACQ-0.00+ACI-,+ACI-+ACQ-0.00+ACI-,+ACI-+ACQ-0.00+ACI-
+ACI-SCHLEICHER+ACI-,+ACI-+ACQ-990.00+ACI-,+ACI-+ACQ-0.00+ACI-,+ACI-+ACQ-0.00+ACI-,+ACI-+ACQ-0.00+ACI-,+ACI-+ACQ-0.00+ACI-,+ACI-+ACQ-0.00+ACI-,+ACI-+ACQ-0.00+ACI-,+ACI-+ACQ-0.00+ACI-,+ACI-+ACQ-0.00+ACI-,+ACI-+ACQ-0.00+ACI-,+ACI-+ACQ-0.00+ACI-,+ACI-+ACQ-0.00+ACI-
+ACI-SCURRY+ACI-,+ACI-+ACQ-6,567.00+ACI-,+ACI-+ACQ-6,169.00+ACI-,+ACI-+ACQ-6,865.50+ACI-,+ACI-+ACQ-9,154.00+ACI-,+ACI-+ACQ-5,970.00+ACI-,+ACI-+ACQ-2,587.00+ACI-,+ACI-+ACQ-0.00+ACI-,+ACI-+ACQ-3,084.50+ACI-,+ACI-+ACQ-3,482.50+ACI-,+ACI-+ACQ-1,094.50+ACI-,+ACI-+ACQ-199.00+ACI-,+ACI-+ACQ-696.50+ACI-
+ACI-SHACKELFORD+ACI-,+ACI-+ACQ-936.52+ACI-,+ACI-+ACQ-0.00+ACI-,+ACI-+ACQ-0.00+ACI-,+ACI-+ACQ-0.00+ACI-,+ACI-+ACQ-0.00+ACI-,+ACI-+ACQ-0.00+ACI-,+ACI-+ACQ-0.00+ACI-,+ACI-+ACQ-0.00+ACI-,+ACI-+ACQ-0.00+ACI-,+ACI-+ACQ-0.00+ACI-,+ACI-+ACQ-0.00+ACI-,+ACI-+ACQ-0.00+ACI-
+ACI-SHELBY+ACI-,+ACI-+ACQ-882.00+ACI-,+ACI-+ACQ-2,982.00+ACI-,+ACI-+ACQ-5,076.00+ACI-,+ACI-+ACQ-3,995.00+ACI-,+ACI-+ACQ-4,982.00+ACI-,+ACI-+ACQ-3,478.00+ACI-,+ACI-+ACQ-4,230.00+ACI-,+ACI-+ACQ-4,606.00+ACI-,+ACI-+ACQ-3,995.00+ACI-,+ACI-+ACQ-3,666.00+ACI-,+ACI-+ACQ-2,914.00+ACI-,+ACI-+ACQ-2,820.00+ACI-
+ACI-SHERMAN+ACI-,+ACI-+ACQ-1,563.24+ACI-,+ACI-+ACQ-0.00+ACI-,+ACI-+ACQ-595.52+ACI-,+ACI-+ACQ-967.72+ACI-,+ACI-+ACQ-3,349.80+ACI-,+ACI-+ACQ-5,359.68+ACI-,+ACI-+ACQ-0.00+ACI-,+ACI-+ACQ-297.76+ACI-,+ACI-+ACQ-223.32+ACI-,+ACI-+ACQ-2,679.84+ACI-,+ACI-+ACQ-3,498.68+ACI-,+ACI-+ACQ-2,233.20+ACI-
+ACI-SMITH+ACI-,+ACI-+ACQ-24,347.88+ACI-,+ACI-+ACQ-31,255.08+ACI-,+ACI-+ACQ-25,326.40+ACI-,+ACI-+ACQ-19,052.36+ACI-,+ACI-+ACQ-17,555.80+ACI-,+ACI-+ACQ-32,291.16+ACI-,+ACI-+ACQ-31,197.52+ACI-,+ACI-+ACQ-64,064.28+ACI-,+ACI-+ACQ-54,451.76+ACI-,+ACI-+ACQ-42,594.40+ACI-,+ACI-+ACQ-43,461.60+ACI-,+ACI-+ACQ-34,825.00+ACI-
+ACI-SOMERVELL+ACI-,+ACI-+ACQ-0.00+ACI-,+ACI-+ACQ-684.00+ACI-,+ACI-+ACQ-1,102.00+ACI-,+ACI-+ACQ-532.00+ACI-,+ACI-+ACQ-570.00+ACI-,+ACI-+ACQ-2,242.00+ACI-,+ACI-+ACQ-2,280.00+ACI-,+ACI-+ACQ-2,128.00+ACI-,+ACI-+ACQ-38.00+ACI-,+ACI-+ACQ-0.00+ACI-,+ACI-+ACQ-0.00+ACI-,+ACI-+ACQ-0.00+ACI-
+ACI-STARR+ACI-,+ACI-+ACQ-7,519.14+ACI-,+ACI-+ACQ-8,444.92+ACI-,+ACI-+ACQ-3,906.34+ACI-,+ACI-+ACQ-7,135.28+ACI-,+ACI-+ACQ-4,786.96+ACI-,+ACI-+ACQ-5,554.68+ACI-,+ACI-+ACQ-9,302.96+ACI-,+ACI-+ACQ-3,116.04+ACI-,+ACI-+ACQ-4,990.18+ACI-,+ACI-+ACQ-6,096.60+ACI-,+ACI-+ACQ-7,925.58+ACI-,+ACI-+ACQ-6,209.50+ACI-
+ACI-STEPHENS+ACI-,+ACI-+ACQ-4,940.16+ACI-,+ACI-+ACQ-3,038.00+ACI-,+ACI-+ACQ-3,087.00+ACI-,+ACI-+ACQ-2,891.00+ACI-,+ACI-+ACQ-1,470.00+ACI-,+ACI-+ACQ-1,519.00+ACI-,+ACI-+ACQ-735.00+ACI-,+ACI-+ACQ-0.00+ACI-,+ACI-+ACQ-0.00+ACI-,+ACI-+ACQ-0.00+ACI-,+ACI-+ACQ-196.00+ACI-,+ACI-+ACQ-196.00+ACI-
+ACI-STERLING+ACI-,+ACI-+ACQ-0.00+ACI-,+ACI-+ACQ-0.00+ACI-,+ACI-+ACQ-1,260.00+ACI-,+ACI-+ACQ-0.00+ACI-,+ACI-+ACQ-1,200.00+ACI-,+ACI-+ACQ-1,302.00+ACI-,+ACI-+ACQ-1,200.00+ACI-,+ACI-+ACQ-1,240.00+ACI-,+ACI-+ACQ-1,240.00+ACI-,+ACI-+ACQ-1,200.00+ACI-,+ACI-+ACQ-1,240.00+ACI-,+ACI-+ACQ-0.00+ACI-
+ACI-STONEWALL+ACI-,+ACI-+ACQ-0.00+ACI-,+ACI-+ACQ-0.00+ACI-,+ACI-+ACQ-0.00+ACI-,+ACI-+ACQ-0.00+ACI-,+ACI-+ACQ-0.00+ACI-,+ACI-+ACQ-0.00+ACI-,+ACI-+ACQ-0.00+ACI-,+ACI-+ACQ-0.00+ACI-,+ACI-+ACQ-0.00+ACI-,+ACI-+ACQ-0.00+ACI-,+ACI-+ACQ-0.00+ACI-,+ACI-+ACQ-0.00+ACI-
+ACI-SUTTON+ACI-,+ACI-+ACQ-0.00+ACI-,+ACI-+ACQ-0.00+ACI-,+ACI-+ACQ-0.00+ACI-,+ACI-+ACQ-0.00+ACI-,+ACI-+ACQ-0.00+ACI-,+ACI-+ACQ-0.00+ACI-,+ACI-+ACQ-0.00+ACI-,+ACI-+ACQ-0.00+ACI-,+ACI-+ACQ-0.00+ACI-,+ACI-+ACQ-0.00+ACI-,+ACI-+ACQ-0.00+ACI-,+ACI-+ACQ-0.00+ACI-
+ACI-SWISHER+ACI-,+ACI-+ACQ-0.00+ACI-,+ACI-+ACQ-0.00+ACI-,+ACI-+ACQ-0.00+ACI-,+ACI-+ACQ-0.00+ACI-,+ACI-+ACQ-0.00+ACI-,+ACI-+ACQ-0.00+ACI-,+ACI-+ACQ-0.00+ACI-,+ACI-+ACQ-0.00+ACI-,+ACI-+ACQ-152.00+ACI-,+ACI-+ACQ-988.00+ACI-,+ACI-+ACQ-0.00+ACI-,+ACI-+ACQ-0.00+ACI-
+ACI-TARRANT+ACI-,+ACI-+ACQ-201,701.65+ACI-,+ACI-+ACQ-220,818.92+ACI-,+ACI-+ACQ-203,807.44+ACI-,+ACI-+ACQ-226,393.07+ACI-,+ACI-+ACQ-219,167.32+ACI-,+ACI-+ACQ-251,249.65+ACI-,+ACI-+ACQ-250,960.62+ACI-,+ACI-+ACQ-278,212.02+ACI-,+ACI-+ACQ-269,417.25+ACI-,+ACI-+ACQ-300,426.04+ACI-,+ACI-+ACQ-291,727.80+ACI-,+ACI-+ACQ-281,869.28+ACI-
+ACI-TAYLOR+ACI-,+ACI-+ACQ-0.00+ACI-,+ACI-+ACQ-103.60+ACI-,+ACI-+ACQ-751.10+ACI-,+ACI-+ACQ-673.40+ACI-,+ACI-+ACQ-1,191.40+ACI-,+ACI-+ACQ-2,590.00+ACI-,+ACI-+ACQ-1,709.40+ACI-,+ACI-+ACQ-1,838.90+ACI-,+ACI-+ACQ-1,735.30+ACI-,+ACI-+ACQ-2,356.90+ACI-,+ACI-+ACQ-2,234.40+ACI-,+ACI-+ACQ-1,256.85+ACI-
+ACI-TERRELL+ACI-,+ACI-+ACQ-0.00+ACI-,+ACI-+ACQ-0.00+ACI-,+ACI-+ACQ-0.00+ACI-,+ACI-+ACQ-0.00+ACI-,+ACI-+ACQ-0.00+ACI-,+ACI-+ACQ-0.00+ACI-,+ACI-+ACQ-0.00+ACI-,+ACI-+ACQ-0.00+ACI-,+ACI-+ACQ-0.00+ACI-,+ACI-+ACQ-0.00+ACI-,+ACI-+ACQ-0.00+ACI-,+ACI-+ACQ-0.00+ACI-
+ACI-TERRY+ACI-,+ACI-+ACQ-0.00+ACI-,+ACI-+ACQ-0.00+ACI-,+ACI-+ACQ-1,641.98+ACI-,+ACI-+ACQ-4,189.88+ACI-,+ACI-+ACQ-4,133.26+ACI-,+ACI-+ACQ-2,491.28+ACI-,+ACI-+ACQ-3,227.34+ACI-,+ACI-+ACQ-3,453.82+ACI-,+ACI-+ACQ-3,510.44+ACI-,+ACI-+ACQ-3,793.54+ACI-,+ACI-+ACQ-4,246.50+ACI-,+ACI-+ACQ-5,095.80+ACI-
+ACI-THROCKMORTON+ACI-,+ACI-+ACQ-0.00+ACI-,+ACI-+ACQ-0.00+ACI-,+ACI-+ACQ-0.00+ACI-,+ACI-+ACQ-0.00+ACI-,+ACI-+ACQ-0.00+ACI-,+ACI-+ACQ-0.00+ACI-,+ACI-+ACQ-0.00+ACI-,+ACI-+ACQ-0.00+ACI-,+ACI-+ACQ-0.00+ACI-,+ACI-+ACQ-0.00+ACI-,+ACI-+ACQ-0.00+ACI-,+ACI-+ACQ-0.00+ACI-
+ACI-TITUS+ACI-,+ACI-+ACQ-14,465.00+ACI-,+ACI-+ACQ-14,327.50+ACI-,+ACI-+ACQ-11,742.50+ACI-,+ACI-+ACQ-13,447.50+ACI-,+ACI-+ACQ-12,897.50+ACI-,+ACI-+ACQ-15,097.50+ACI-,+ACI-+ACQ-18,315.00+ACI-,+ACI-+ACQ-21,670.00+ACI-,+ACI-+ACQ-24,255.00+ACI-,+ACI-+ACQ-26,867.50+ACI-,+ACI-+ACQ-24,117.50+ACI-,+ACI-+ACQ-19,195.00+ACI-
+ACI-TOM GREEN+ACI-,+ACI-+ACQ-1,300.26+ACI-,+ACI-+ACQ-366.74+ACI-,+ACI-+ACQ-1,218.00+ACI-,+ACI-+ACQ-2,016.00+ACI-,+ACI-+ACQ-2,520.00+ACI-,+ACI-+ACQ-0.00+ACI-,+ACI-+ACQ-0.00+ACI-,+ACI-+ACQ-0.00+ACI-,+ACI-+ACQ-0.00+ACI-,+ACI-+ACQ-0.00+ACI-,+ACI-+ACQ-0.00+ACI-,+ACI-+ACQ-0.00+ACI-
+ACI-TRAVIS+ACI-,+ACI-+ACQ-1,035,300.20+ACI-,+ACI-+ACQ-993,341.36+ACI-,+ACI-+ACQ-875,246.68+ACI-,+ACI-+ACQ-982,825.36+ACI-,+ACI-+ACQ-932,453.72+ACI-,+ACI-+ACQ-995,549.72+ACI-,+ACI-+ACQ-975,569.32+ACI-,+ACI-+ACQ-1,004,908.96+ACI-,+ACI-+ACQ-920,675.80+ACI-,+ACI-+ACQ-806,892.68+ACI-,+ACI-+ACQ-855,686.92+ACI-,+ACI-+ACQ-836,863.28+ACI-
+ACI-TRINITY+ACI-,+ACI-+ACQ-0.00+ACI-,+ACI-+ACQ-2,394.00+ACI-,+ACI-+ACQ-1,102.00+ACI-,+ACI-+ACQ-1,178.00+ACI-,+ACI-+ACQ-494.00+ACI-,+ACI-+ACQ-114.00+ACI-,+ACI-+ACQ-0.00+ACI-,+ACI-+ACQ-0.00+ACI-,+ACI-+ACQ-456.00+ACI-,+ACI-+ACQ-190.00+ACI-,+ACI-+ACQ-1,178.00+ACI-,+ACI-+ACQ-798.00+ACI-
+ACI-TYLER+ACI-,+ACI-+ACQ-0.00+ACI-,+ACI-+ACQ-0.00+ACI-,+ACI-+ACQ-0.00+ACI-,+ACI-+ACQ-0.00+ACI-,+ACI-+ACQ-0.00+ACI-,+ACI-+ACQ-0.00+ACI-,+ACI-+ACQ-0.00+ACI-,+ACI-+ACQ-0.00+ACI-,+ACI-+ACQ-0.00+ACI-,+ACI-+ACQ-0.00+ACI-,+ACI-+ACQ-0.00+ACI-,+ACI-+ACQ-0.00+ACI-
+ACI-UPSHUR+ACI-,+ACI-+ACQ-1,427.86+ACI-,+ACI-+ACQ-1,427.86+ACI-,+ACI-+ACQ-1,335.74+ACI-,+ACI-+ACQ-1,427.86+ACI-,+ACI-+ACQ-1,381.80+ACI-,+ACI-+ACQ-1,427.86+ACI-,+ACI-+ACQ-1,381.80+ACI-,+ACI-+ACQ-944.23+ACI-,+ACI-+ACQ-944.23+ACI-,+ACI-+ACQ-483.63+ACI-,+ACI-+ACQ-713.93+ACI-,+ACI-+ACQ-690.90+ACI-
+ACI-UPTON+ACI-,+ACI-+ACQ-0.00+ACI-,+ACI-+ACQ-0.00+ACI-,+ACI-+ACQ-0.00+ACI-,+ACI-+ACQ-0.00+ACI-,+ACI-+ACQ-0.00+ACI-,+ACI-+ACQ-0.00+ACI-,+ACI-+ACQ-0.00+ACI-,+ACI-+ACQ-0.00+ACI-,+ACI-+ACQ-0.00+ACI-,+ACI-+ACQ-0.00+ACI-,+ACI-+ACQ-0.00+ACI-,+ACI-+ACQ-225.00+ACI-
+ACI-UVALDE+ACI-,+ACI-+ACQ-0.00+ACI-,+ACI-+ACQ-0.00+ACI-,+ACI-+ACQ-0.00+ACI-,+ACI-+ACQ-0.00+ACI-,+ACI-+ACQ-408.00+ACI-,+ACI-+ACQ-0.00+ACI-,+ACI-+ACQ-0.00+ACI-,+ACI-+ACQ-0.00+ACI-,+ACI-+ACQ-0.00+ACI-,+ACI-+ACQ-0.00+ACI-,+ACI-+ACQ-0.00+ACI-,+ACI-+ACQ-0.00+ACI-
+ACI-VAL VERDE (P)+ACI-,+ACI-+ACQ-6,978.66+ACI-,+ACI-+ACQ-8,394.62+ACI-,+ACI-+ACQ-14,665.30+ACI-,+ACI-+ACQ-13,805.61+ACI-,+ACI-+ACQ-12,136.80+ACI-,+ACI-+ACQ-0.00+ACI-,+ACI-+ACQ-0.00+ACI-,+ACI-+ACQ-0.00+ACI-,+ACI-+ACQ-0.00+ACI-,+ACI-+ACQ-0.00+ACI-,+ACI-+ACQ-0.00+ACI-,+ACI-+ACQ-0.00+ACI-
+ACI-VAN ZANDT+ACI-,+ACI-+ACQ-4,735.16+ACI-,+ACI-+ACQ-5,340.82+ACI-,+ACI-+ACQ-4,184.56+ACI-,+ACI-+ACQ-2,945.71+ACI-,+ACI-+ACQ-2,808.06+ACI-,+ACI-+ACQ-0.00+ACI-,+ACI-+ACQ-0.00+ACI-,+ACI-+ACQ-0.00+ACI-,+ACI-+ACQ-0.00+ACI-,+ACI-+ACQ-0.00+ACI-,+ACI-+ACQ-0.00+ACI-,+ACI-+ACQ-0.00+ACI-
+ACI-VICTORIA+ACI-,+ACI-+ACQ-8,148.42+ACI-,+ACI-+ACQ-2,671.20+ACI-,+ACI-+ACQ-3,816.00+ACI-,+ACI-+ACQ-5,342.40+ACI-,+ACI-+ACQ-6,563.52+ACI-,+ACI-+ACQ-8,547.84+ACI-,+ACI-+ACQ-9,730.80+ACI-,+ACI-+ACQ-10,417.68+ACI-,+ACI-+ACQ-10,799.28+ACI-,+ACI-+ACQ-6,296.40+ACI-,+ACI-+ACQ-5,647.68+ACI-,+ACI-+ACQ-6,143.76+ACI-
+ACI-WALKER+ACI-,+ACI-+ACQ-25,757.36+ACI-,+ACI-+ACQ-17,614.92+ACI-,+ACI-+ACQ-15,019.72+ACI-,+ACI-+ACQ-12,911.12+ACI-,+ACI-+ACQ-12,002.80+ACI-,+ACI-+ACQ-10,964.72+ACI-,+ACI-+ACQ-11,483.76+ACI-,+ACI-+ACQ-12,586.72+ACI-,+ACI-+ACQ-13,365.28+ACI-,+ACI-+ACQ-13,722.12+ACI-,+ACI-+ACQ-13,787.00+ACI-,+ACI-+ACQ-9,699.56+ACI-
+ACI-WALLER+ACI-,+ACI-+ACQ-11,888.04+ACI-,+ACI-+ACQ-11,888.04+ACI-,+ACI-+ACQ-13,269.60+ACI-,+ACI-+ACQ-16,587.00+ACI-,+ACI-+ACQ-15,186.32+ACI-,+ACI-+ACQ-19,388.36+ACI-,+ACI-+ACQ-14,301.68+ACI-,+ACI-+ACQ-14,080.52+ACI-,+ACI-+ACQ-14,449.12+ACI-,+ACI-+ACQ-17,029.32+ACI-,+ACI-+ACQ-15,481.20+ACI-,+ACI-+ACQ-14,191.10+ACI-
+ACI-WARD+ACI-,+ACI-+ACQ-483.84+ACI-,+ACI-+ACQ-1,071.36+ACI-,+ACI-+ACQ-1,002.24+ACI-,+ACI-+ACQ-552.96+ACI-,+ACI-+ACQ-207.36+ACI-,+ACI-+ACQ-1,244.16+ACI-,+ACI-+ACQ-1,036.80+ACI-,+ACI-+ACQ-1,002.24+ACI-,+ACI-+ACQ-829.44+ACI-,+ACI-+ACQ-241.92+ACI-,+ACI-+ACQ-0.00+ACI-,+ACI-+ACQ-0.00+ACI-
+ACI-WASHINGTON+ACI-,+ACI-+ACQ-8,034.12+ACI-,+ACI-+ACQ-10,773.00+ACI-,+ACI-+ACQ-11,203.02+ACI-,+ACI-+ACQ-13,361.40+ACI-,+ACI-+ACQ-14,457.72+ACI-,+ACI-+ACQ-9,764.10+ACI-,+ACI-+ACQ-7,948.32+ACI-,+ACI-+ACQ-4,864.92+ACI-,+ACI-+ACQ-5,173.26+ACI-,+ACI-+ACQ-5,447.34+ACI-,+ACI-+ACQ-5,584.38+ACI-,+ACI-+ACQ-5,347.68+ACI-
+ACI-WEBB+ACI-,+ACI-+ACQ-54,982.70+ACI-,+ACI-+ACQ-42,646.48+ACI-,+ACI-+ACQ-40,860.24+ACI-,+ACI-+ACQ-56,936.40+ACI-,+ACI-+ACQ-60,173.96+ACI-,+ACI-+ACQ-52,414.98+ACI-,+ACI-+ACQ-33,324.54+ACI-,+ACI-+ACQ-53,866.30+ACI-,+ACI-+ACQ-55,150.16+ACI-,+ACI-+ACQ-44,544.36+ACI-,+ACI-+ACQ-39,408.92+ACI-,+ACI-+ACQ-38,739.08+ACI-
+ACI-WHARTON+ACI-,+ACI-+ACQ-8,400.00+ACI-,+ACI-+ACQ-8,800.00+ACI-,+ACI-+ACQ-5,600.00+ACI-,+ACI-+ACQ-6,950.00+ACI-,+ACI-+ACQ-4,100.00+ACI-,+ACI-+ACQ-6,050.00+ACI-,+ACI-+ACQ-6,900.00+ACI-,+ACI-+ACQ-9,750.00+ACI-,+ACI-+ACQ-9,700.00+ACI-,+ACI-+ACQ-8,300.00+ACI-,+ACI-+ACQ-7,550.00+ACI-,+ACI-+ACQ-4,700.00+ACI-
+ACI-WHEELER+ACI-,+ACI-+ACQ-496.00+ACI-,+ACI-+ACQ-400.00+ACI-,+ACI-+ACQ-64.00+ACI-,+ACI-+ACQ-496.00+ACI-,+ACI-+ACQ-18,816.00+ACI-,+ACI-+ACQ-14,864.64+ACI-,+ACI-+ACQ-8,090.88+ACI-,+ACI-+ACQ-12,230.40+ACI-,+ACI-+ACQ-15,993.60+ACI-,+ACI-+ACQ-11,289.60+ACI-,+ACI-+ACQ-8,843.52+ACI-,+ACI-+ACQ-6,773.76+ACI-
+ACI-WICHITA+ACI-,+ACI-+ACQ-6,621.12+ACI-,+ACI-+ACQ-6,897.00+ACI-,+ACI-+ACQ-6,805.04+ACI-,+ACI-+ACQ-7,264.84+ACI-,+ACI-+ACQ-8,000.52+ACI-,+ACI-+ACQ-16,644.76+ACI-,+ACI-+ACQ-21,656.58+ACI-,+ACI-+ACQ-14,897.52+ACI-,+ACI-+ACQ-11,127.16+ACI-,+ACI-+ACQ-11,862.84+ACI-,+ACI-+ACQ-7,356.80+ACI-,+ACI-+ACQ-4,414.08+ACI-
+ACI-WILBARGER+ACI-,+ACI-+ACQ-0.00+ACI-,+ACI-+ACQ-0.00+ACI-,+ACI-+ACQ-0.00+ACI-,+ACI-+ACQ-1,382.04+ACI-,+ACI-+ACQ-1,088.88+ACI-,+ACI-+ACQ-1,047.00+ACI-,+ACI-+ACQ-1,256.40+ACI-,+ACI-+ACQ-1,298.28+ACI-,+ACI-+ACQ-1,298.28+ACI-,+ACI-+ACQ-167.52+ACI-,+ACI-+ACQ-0.00+ACI-,+ACI-+ACQ-0.00+ACI-
+ACI-WILLACY+ACI-,+ACI-+ACQ-6,017.70+ACI-,+ACI-+ACQ-4,166.10+ACI-,+ACI-+ACQ-1,728.16+ACI-,+ACI-+ACQ-956.66+ACI-,+ACI-+ACQ-2,252.78+ACI-,+ACI-+ACQ-1,789.88+ACI-,+ACI-+ACQ-462.90+ACI-,+ACI-+ACQ-2,221.92+ACI-,+ACI-+ACQ-3,487.18+ACI-,+ACI-+ACQ-4,289.54+ACI-,+ACI-+ACQ-3,734.06+ACI-,+ACI-+ACQ-3,857.50+ACI-
+ACI-WILLIAMSON+ACI-,+ACI-+ACQ-93,488.04+ACI-,+ACI-+ACQ-89,410.68+ACI-,+ACI-+ACQ-82,906.32+ACI-,+ACI-+ACQ-73,489.56+ACI-,+ACI-+ACQ-71,547.96+ACI-,+ACI-+ACQ-78,780.42+ACI-,+ACI-+ACQ-76,984.44+ACI-,+ACI-+ACQ-78,926.04+ACI-,+ACI-+ACQ-64,946.52+ACI-,+ACI-+ACQ-73,004.16+ACI-,+ACI-+ACQ-70,819.86+ACI-,+ACI-+ACQ-70,674.24+ACI-
+ACI-WILSON+ACI-,+ACI-+ACQ-4,018.00+ACI-,+ACI-+ACQ-0.00+ACI-,+ACI-+ACQ-637.00+ACI-,+ACI-+ACQ-7,680.00+ACI-,+ACI-+ACQ-637.00+ACI-,+ACI-+ACQ-245.00+ACI-,+ACI-+ACQ-147.00+ACI-,+ACI-+ACQ-1,473.00+ACI-,+ACI-+ACQ-1,911.00+ACI-,+ACI-+ACQ-14.40+ACI-,+ACI-+ACQ-15.19+ACI-,+ACI-+ACQ-539.00+ACI-
+ACI-WINKLER+ACI-,+ACI-+ACQ-0.00+ACI-,+ACI-+ACQ-0.00+ACI-,+ACI-+ACQ-254.76+ACI-,+ACI-+ACQ-0.00+ACI-,+ACI-+ACQ-0.00+ACI-,+ACI-+ACQ-0.00+ACI-,+ACI-+ACQ-0.00+ACI-,+ACI-+ACQ-169.84+ACI-,+ACI-+ACQ-0.00+ACI-,+ACI-+ACQ-0.00+ACI-,+ACI-+ACQ-0.00+ACI-,+ACI-+ACQ-0.00+ACI-
+ACI-WISE+ACI-,+ACI-+ACQ-3,848.99+ACI-,+ACI-+ACQ-3,976.44+ACI-,+ACI-+ACQ-5,862.70+ACI-,+ACI-+ACQ-3,976.44+ACI-,+ACI-+ACQ-4,715.65+ACI-,+ACI-+ACQ-4,078.40+ACI-,+ACI-+ACQ-3,619.58+ACI-,+ACI-+ACQ-4,256.83+ACI-,+ACI-+ACQ-4,588.20+ACI-,+ACI-+ACQ-6,474.46+ACI-,+ACI-+ACQ-1,233,716.00+ACI-,+ACI-+ACQ-4,664.67+ACI-
+ACI-WOOD+ACI-,+ACI-+ACQ-7,342.30+ACI-,+ACI-+ACQ-6,478.50+ACI-,+ACI-+ACQ-3,541.58+ACI-,+ACI-+ACQ-2,677.78+ACI-,+ACI-+ACQ-691.04+ACI-,+ACI-+ACQ-388.71+ACI-,+ACI-+ACQ-1,166.13+ACI-,+ACI-+ACQ-1,338.89+ACI-,+ACI-+ACQ-1,338.89+ACI-,+ACI-+ACQ-2,807.35+ACI-,+ACI-+ACQ-1,986.74+ACI-,+ACI-+ACQ-215.95+ACI-
+ACI-YOAKUM+ACI-,+ACI-+ACQ-4,830.70+ACI-,+ACI-+ACQ-5,815.60+ACI-,+ACI-+ACQ-5,487.30+ACI-,+ACI-+ACQ-2,063.60+ACI-,+ACI-+ACQ-1,407.00+ACI-,+ACI-+ACQ-3,470.60+ACI-,+ACI-+ACQ-4,971.40+ACI-,+ACI-+ACQ-4,877.60+ACI-,+ACI-+ACQ-4,080.30+ACI-,+ACI-+ACQ-4,221.00+ACI-,+ACI-+ACQ-4,361.70+ACI-,+ACI-+ACQ-4,221.00+ACI-
+ACI-YOUNG+ACI-,+ACI-+ACQ-1,423.52+ACI-,+ACI-+ACQ-1,423.52+ACI-,+ACI-+ACQ-1,331.68+ACI-,+ACI-+ACQ-1,423.52+ACI-,+ACI-+ACQ-1,377.60+ACI-,+ACI-+ACQ-1,423.52+ACI-,+ACI-+ACQ-1,377.60+ACI-,+ACI-+ACQ-1,423.52+ACI-,+ACI-+ACQ-1,423.52+ACI-,+ACI-+ACQ-1,377.60+ACI-,+ACI-+ACQ-711.76+ACI-,+ACI-+ACQ-688.80+ACI-
+ACI-ZAPATA+ACI-,+ACI-+ACQ-8,253.52+ACI-,+ACI-+ACQ-8,999.32+ACI-,+ACI-+ACQ-9,272.78+ACI-,+ACI-+ACQ-7,085.10+ACI-,+ACI-+ACQ-8,551.84+ACI-,+ACI-+ACQ-10,466.06+ACI-,+ACI-+ACQ-8,601.56+ACI-,+ACI-+ACQ-8,427.54+ACI-,+ACI-+ACQ-13,126.08+ACI-,+ACI-+ACQ-13,648.14+ACI-,+ACI-+ACQ-15,935.26+ACI-,+ACI-+ACQ-13,828.20+ACI-
+ACI-ZAVALA+ACI-,+ACI-+ACQ-2,724.90+ACI-,+ACI-+ACQ-2,724.90+ACI-,+ACI-+ACQ-2,402.60+ACI-,+ACI-+ACQ-1,816.60+ACI-,+ACI-+ACQ-1,816.60+ACI-,+ACI-+ACQ-1,816.60+ACI-,+ACI-+ACQ-1,230.60+ACI-,+ACI-+ACQ-908.30+ACI-,+ACI-+ACQ-380.90+ACI-,+ACI-+ACQ-0.00+ACI-,+ACI-+ACQ-0.00+ACI-,+ACI-+ACQ-0.00+ACI-
